screen_name,tweet_id,da,date,time,latitude,longitude,content
,663025269863809026,2015-11-07 16:08:37,2015-11-07,16:08:37,1.64878,103.611362,2nd day bootcamp (@ Tornado Cyber Cafe) https://t.co/isBmhWUQ8e
Erica,663021035084783620,2015-11-07 15:51:47,2015-11-07,15:51:47,32.92944444,-97.11194444,about a day ago this one snapchatted me from inside her pantry thinking a tornado was gonna get her https://t.co/uS4ucEMFpV
eca,663019685894619136,2015-11-07 15:46:26,2015-11-07,15:46:26,-6.20353,106.60848,"Kalo disuruh milih naek tornado 10x sm naek perahu ini..gw milih naek tornado..
#candid #latepost https://t.co/ruy2HSDYOR"
AlfonsoE7,663001685506326530,2015-11-07 14:34:54,2015-11-07,14:34:54,40.41142866,-3.75074703, #tornado @ Parque de Atracciones https://t.co/nhbfxnKFfk
AUTUMN QUEEN,662996150635659264,2015-11-07 14:12:54,2015-11-07,14:12:54,51.0787654,1.1838283,Oil workers film tornado in North Dakota - https://t.co/81O0k1yVMo
Len Pestana,662994298774929409,2015-11-07 14:05:33,2015-11-07,14:05:33,37.61628808,-122.38610744,And we're out of here!!  Didn't quite get the tornado going.... https://t.co/UyNRVCCG4d https://t.co/AYGpO1vNCu
only_vegas,662952184372469760,2015-11-07 11:18:12,2015-11-07,11:18:12,56.6331,47.8833,)   )     https://t.co/ksjSo1C3kf
Negraa,662931216354684928,2015-11-07 09:54:53,2015-11-07,09:54:53,-34.49374512,-58.58361576,Que bien te portaste Tornado !
Negraa,662929455522947076,2015-11-07 09:47:53,2015-11-07,09:47:53,-34.49359443,-58.58362573,Recin de ese Tornado ! 
Pendoloveamore,662910425051357184,2015-11-07 08:32:16,2015-11-07,08:32:16,33.99079279,-118.46653726,That vain moment when you encounter a half a tornado but you  just had to have your #Beyonc moment https://t.co/A5nJKTx2jr
,662910242762674176,2015-11-07 08:31:32,2015-11-07,08:31:32,13.99518412,100.67554593,"I'm at Tornado () in Thanyaburi, Pathum Thani https://t.co/ne7mAml7Dh"
puteghi,662901042053578752,2015-11-07 07:54:59,2015-11-07,07:54:59,3.06449289,101.48532245,Tornado tube  @ ICT Water World Theme Park https://t.co/07o2VvoR98
Emre Aa,662894170592444416,2015-11-07 07:27:40,2015-11-07,07:27:40,41.0730867,28.99127593,"I'm at stanbul Bilgi niversitesi - @bilgiofficial in stanbul, Trkiye https://t.co/3liNYpaPxI"
aizz,662890654226321408,2015-11-07 07:13:42,2015-11-07,07:13:42,3.06449289,101.48532245,Tornado tube with @aeyuuu . Seram namatey ! @ ICT Water World Theme Park https://t.co/Dw7vaE6kx4
ipah,662855307635257344,2015-11-07 04:53:15,2015-11-07,04:53:15,-6.12383,106.83234,"Ayoooo dupan, siapa yang mau gabung, selanjutnya tornado. Hahaha (with putri at Dunia Fantasi (DUFAN)) [pic]  https://t.co/iZ4ew84PF1"
putri friskila,662830473152888832,2015-11-07 03:14:34,2015-11-07,03:14:34,-6.12319,106.83549,"Happy (with tasya, caca, and linda  at Dufan wanaha Tornado)  https://t.co/NF0GzT7OKf"
Detroit CP,662817015455813632,2015-11-07 02:21:05,2015-11-07,02:21:05,42.33312717,-83.04848769,"After heavy winds on Friday, cooler temps expected https://t.co/2HheLXUUSY"
charli whaley,662815815373312000,2015-11-07 02:16:19,2015-11-07,02:16:19,35.79148357,-83.97935438,this rebel loves this tornado  @ Alcoa High School Football Stadium https://t.co/FUH22GkujW
Dallas CP,662812483069972480,2015-11-07 02:03:05,2015-11-07,02:03:05,32.79755357,-96.77401775,Prelim info about the EF-0 tornado that moved across parts of Tarrant Co. yesterday: dfwwx https://t.co/fVdgIEJkP2
Dallas CP,662804746265231360,2015-11-07 01:32:20,2015-11-07,01:32:20,32.79755357,-96.77401775,NWS confirms tornado hit Fort Worth https://t.co/fJhkII0AnP
Dallas CP,662804743606026240,2015-11-07 01:32:19,2015-11-07,01:32:19,32.79755357,-96.77401775,Construction workers helped move debris off cars after Fort Worth tornado https://t.co/yUFWFpEf9b
Houston Press,662803273099976704,2015-11-07 01:26:29,2015-11-07,01:26:29,29.75523769,-95.3618441,National Weather Service increases confirmed Halloween tornado count on from six to 11! https://t.co/hyhnXlubng
patrice of shit,662783738787446784,2015-11-07 00:08:51,2015-11-07,00:08:51,33.23140437,-97.13768243,THIS IS WAY SCARIER THAN SOME TORNADO @ Kroger https://t.co/J3dbwEQoPM
Dallas Trends,662773564781694977,2015-11-06 23:28:26,2015-11-06,23:28:26,32.7781,-96.7954,'Tornado Watch' appeared on Thursday 5 at the 16th place in the Top20 of Dallas-Ft. Worth's Trends: https://t.co/PWGt46BdEa #trndnl
Anna Julia,662773556061818881,2015-11-06 23:28:24,2015-11-06,23:28:24,-22.89206963,-47.02752396,Obrigada por terem tornado o meu dia muito mais especial!!! Vocs so os https://t.co/o8HEn4k5Fg
Austin Press,662765443770220544,2015-11-06 22:56:10,2015-11-06,22:56:10,30.26960519,-97.74361687,NWS Fort Worth confirms tornado touched down Thursday afternoon north of Fort Worth https://t.co/SUzd79dMxs
Vape & Smoke Shop #2,662752926553780224,2015-11-06 22:06:25,2015-11-06,22:06:25,26.0271185,-80.2490236,#Helix concentrate vape attachments and kits! #concentrate #710 #vapeallday #tornado #spiral #swirl #vss2 https://t.co/2pnFw24x50
Tabitha Hawk,662729960201699328,2015-11-06 20:35:10,2015-11-06,20:35:10,34.26000072,-88.67969708,First time to Elvis's birthplace. Last time I was in Tupelo I was watching a tornado... https://t.co/dMNQNhi0je https://t.co/OnwEZ3m4L3
Carrie King,662721103459020800,2015-11-06 19:59:58,2015-11-06,19:59:58,40.65,-73.95,"""She was chaos and beauty intertwined. A tornado of roses from divine."" 
- Shakieb Orgunwall https://t.co/nixrWdfIid"
Fort Worth CP,662716094147198976,2015-11-06 19:40:04,2015-11-06,19:40:04,32.72791305,-97.31947022,"Fort Worth tornado rated EF-0, packed 80-90 mph winds dfwwx txwx https://t.co/vfemLAuNxr"
Mondo Crociere,662713002597183488,2015-11-06 19:27:47,2015-11-06,19:27:47,37.1047,-102.578,"regram discoverearth
Tornado in Campo, Colorado
By Brandon Goforth @tornadotitans @ Campo, Colorado https://t.co/OE46O6K01M"
IEMBot PHI,662704017718444032,2015-11-06 18:52:04,2015-11-06,18:52:04,40.3785,-75.96525,"READING/SPAATZ FLD,PA (RDG) ASOS reports Tornado"
Houston Press,662690687872200704,2015-11-06 17:59:06,2015-11-06,17:59:06,29.75523769,-95.3618441,NWS confirms tornado hit Fort Worth Texas https://t.co/D71Tn4Y7TH
Tonnie Lubanga,662676770387308544,2015-11-06 17:03:48,2015-11-06,17:03:48,1.4868949,33.9318821,"""Tempers escalating and a small storm turns into a full-scale tornado that sweeps all our good intentions away"". #UGDecides 2016..."
FidyaMaudynaHarun,662662389515599873,2015-11-06 16:06:39,2015-11-06,16:06:39,-6.12328698,106.83172102,Ekspersi abis turun dari tornado @ Dunia Fantasi (DUFAN) - Taman Impian https://t.co/aXbj6RBpCN
Monica Hernandez,662648509250691072,2015-11-06 15:11:30,2015-11-06,15:11:30,32.82303,-97.309064,JUST IN: National Weather Service confirms at least an EF-0 tornado hit N FW. 85-90 mph winds #wfaaweather #TXWX https://t.co/fDg9JAwqFh
Dallas CP,662638211328421888,2015-11-06 14:30:35,2015-11-06,14:30:35,32.79755357,-96.77401775,"Storm system with hail, tornado pushes through North Texas https://t.co/UnOPLu4sof"
Rzki rwiyansyah,662635328419708928,2015-11-06 14:19:08,2015-11-06,14:19:08,-6.18094,106.62946,"Kegilaaan saat menghadapi Tornado #Tornado (w/ pandu, desi, &amp; 4 others at Dunia Fantasi (DUFAN)) [vid]  https://t.co/zQfKDpxTgh"
Pier Carri Braschi,662620760419119105,2015-11-06 13:21:14,2015-11-06,13:21:14,43.9167,10.9,Zio in action!!! Tornado a casa  con il cinquino  dopo la scuola    #family #fam #Pistoia https://t.co/87X0XltYX0
Austin Press,662614678208557056,2015-11-06 12:57:04,2015-11-06,12:57:04,30.26960519,-97.74361687,Tornado damages roof in Fort Worth https://t.co/RVhiXYbbFs
Fairus Yunita,662614250087579649,2015-11-06 12:55:22,2015-11-06,12:55:22,-6.12601,106.83889,Komuk sebelum naik tornado  (with Annisa and hasannudin at Pasar Seni Ancol) [pic]  https://t.co/Dp3m4cMaq0
Lourdes Reinoso Tda,662612827912318976,2015-11-06 12:49:43,2015-11-06,12:49:43,-34.50024757,-58.74961913,Pico Pico Pico Pico..!!!  @ El Tornado Oficial https://t.co/7UYELhJen7
San Antonio CP,662609135544889344,2015-11-06 12:35:03,2015-11-06,12:35:03,29.42989111,-98.48699646,KENS 5 is helping Floresville ISD's High School. A tornado hit their school and they need supplies. KENS5News https://t.co/RTkoY76ThY
Rzki rwiyansyah,662577286470766592,2015-11-06 10:28:29,2015-11-06,10:28:29,-6.13083,106.83935,"Tornado #Dufan (with pandu, desi, and 4 others at Dunia Fantasi (DUFAN)) [pic]  https://t.co/E7z0oLmnAS"
Dallas Trends,662577266543607808,2015-11-06 10:28:25,2015-11-06,10:28:25,32.7781,-96.7954,'Tornado Watch' appeared on Thursday 5 at the 16th place in the Top20 of Dallas-Ft. Worth's Trends: https://t.co/PWGt46BdEa #trndnl
Rahmawati Eka A,662555871172362240,2015-11-06 09:03:24,2015-11-06,09:03:24,-6.12283,106.83087,Abis tornado terus kicir-kicir rasanya...nikmat (with vidia at Wahana Kicir-Kicir (Power Surge))  https://t.co/g8HbHKIahm
Emre Aa,662552073532125184,2015-11-06 08:48:18,2015-11-06,08:48:18,41.07316349,28.99071937,Gya ders alyoruz @ Bilgi niversitesi Kutepe Kamps https://t.co/ERvFztjh63
Emre Aa,662540053101551616,2015-11-06 08:00:32,2015-11-06,08:00:32,41.0730867,28.99127593,"I'm at stanbul Bilgi niversitesi - @bilgiofficial in stanbul, Trkiye w/ @melisanurbayram https://t.co/2k2VS8bd6y"
Kent Palmer,662537744711852032,2015-11-06 07:51:22,2015-11-06,07:51:22,37.6992949,-123.01194057,Photo: Dust tornado https://t.co/4ajJYfQei5
Dallas CP,662530002064310272,2015-11-06 07:20:36,2015-11-06,07:20:36,32.79755357,-96.77401775,Here is dash cam video of the tornado hitting the building in north Fort Worth that had the metal facade ripped... https://t.co/Qu7b1jJOiK
LPSD,662510255679606784,2015-11-06 06:02:08,2015-11-06,06:02:08,-6.12259969,106.83332716,"Tornado

Wahana paling atraktif karena tidak hanya menegangkan tapi juga https://t.co/LZK3hIMWKK"
Sarah Elizabeth Ross,662503163681968128,2015-11-06 05:33:57,2015-11-06,05:33:57,41.89751499,-87.63336717,"Of course the day we get the keys to our house the tornado sirens go off. But all is well, and its move in day TOMORROW!!!!"
April,662502964284686336,2015-11-06 05:33:10,2015-11-06,05:33:10,-6.19657,106.88794,"Tornado cookies,  (with royan, Embod, and arnov at @gasvibeshop) [pic]  https://t.co/gL5pP24NkZ"
Beauty Buzz 411,662499006078128128,2015-11-06 05:17:26,2015-11-06,05:17:26,32.89806793,-97.03919921,"When a Tornado comes to town
and your flight cancels, there's only one thing to do. Wrap yourself https://t.co/tGOr1ho6zn"
imthelibrarian,662498126184493056,2015-11-06 05:13:56,2015-11-06,05:13:56,32.935,-97.0858,"Weird clouds and tornado sirens earlier this evening. #grapevinetx @ Grapevine, Texas https://t.co/wwqF5ZaaVk"
Lester Lo,662480360102490112,2015-11-06 04:03:20,2015-11-06,04:03:20,49.28583333,-123.04277778,"#tbt #throwbackthursday gem0816 # #jaychou # #crossover #cover #tornado
#geteverybodymoving https://t.co/jmjkrQj4QC"
Dallas CP,662478594543714304,2015-11-06 03:56:19,2015-11-06,03:56:19,32.79755357,-96.77401775,"Storms broke most of the lights at Ponder's HS stadium, according to DentonRC. txwx https://t.co/ICvm4o31t2"
Erik Beyer,662474942991200256,2015-11-06 03:41:49,2015-11-06,03:41:49,32.57367696,-97.06613043,"Some great lightning tonight!  Tornado warnings, one even touched down in north Fort Worth area. @ https://t.co/dX5OYtkstt"
The Blake Holland,662470522953863172,2015-11-06 03:24:15,2015-11-06,03:24:15,33.20786077,-97.14764665,Members of the @ntTV_News team taking shelter during this evening's tornado warning. https://t.co/4ofiuuU4gT
Dallas CP,662466484971540480,2015-11-06 03:08:12,2015-11-06,03:08:12,32.79755357,-96.77401775,The tornado that hit in north Fort Worth was near the NWS office near I-35W and I-820. This graph is a look at... https://t.co/vEBXTB1OJ8
John Hibble,662464581449551874,2015-11-06 03:00:38,2015-11-06,03:00:38,-37.8185164,145.02113832,@WyndhamLiving @LittleMelbourne Tornado?
Dallas CP,662458398856769536,2015-11-06 02:36:04,2015-11-06,02:36:04,32.79755357,-96.77401775,Apparent Tornado Caught on Camera at Five Star Ford Collision Center in North Fort Worth https://t.co/t0EzZqIz7A
Dallas CP,662450620109033472,2015-11-06 02:05:10,2015-11-06,02:05:10,32.79755357,-96.77401775,"Amazing time-lapse of a storm over Denton Co., as seen from Arlington (Tom Fox/DMN) txwx https://t.co/x55Lfu1jeD"
Dallas CP,662450618569637888,2015-11-06 02:05:09,2015-11-06,02:05:09,32.79755357,-96.77401775,Hail is coming down in Ponder where Im tracking the storm. WATCH LIVE https://t.co/q5BvvL1r3Z
Fort Worth CP,662445558401921024,2015-11-06 01:45:03,2015-11-06,01:45:03,32.72791305,-97.31947022,"3. Tornado causes damage to building in north Fort Worth, Bill Hanna STTop5 https://t.co/7EMLl47YZH"
"Denton, TX News",662443312176095233,2015-11-06 01:36:07,2015-11-06,01:36:07,33.22090149,-97.14430237,Blog: Tornado Warning for Grayson https://t.co/N78tet5fiO
Pedro Pinto,662441199740022784,2015-11-06 01:27:44,2015-11-06,01:27:44,41.1672166,-8.6472866,"@catarina_mart esse documento vai ser tornado pblico? Se sim, quando?"
Jennifer Cleveland,662440482631323649,2015-11-06 01:24:53,2015-11-06,01:24:53,35.4434988,-93.415329,There's either a small tornado or some massive straight line wind. Can't even open the door! #ARwx
Hans Ahlers,662434280560336896,2015-11-06 01:00:14,2015-11-06,01:00:14,33.2108498,-97.1463776,Tornado siren. 5:29 P.M. @ University of North Texas https://t.co/oiSchVlVuY
Dallas CP,662434003920654336,2015-11-06 00:59:08,2015-11-06,00:59:08,32.79755357,-96.77401775,The rain is really coming down in Denton County. We are still tracking the storm LIVE HERE https://t.co/BVjDGjypbH
Martin Welton,662429857763229696,2015-11-06 00:42:40,2015-11-06,00:42:40,35.02925509,-85.26230766,Go Blue Tornado! @ McCallie School https://t.co/a3QrX7Fl3R
William Henley,662429180932542465,2015-11-06 00:39:58,2015-11-06,00:39:58,32.94977233,-97.12649123,No tornado and hail are going to keep men from men's night at this https://t.co/J7CGrHkadK
Houston Press,662428963596144640,2015-11-06 00:39:06,2015-11-06,00:39:06,29.75523769,-95.3618441,Tornado warnings north of DFW. Rotating storm should cross I-35 north of Denton shortly! https://t.co/hyhnXlczYG
Fort Worth CP,662428947443900417,2015-11-06 00:39:03,2015-11-06,00:39:03,32.72791305,-97.31947022,More on the tornado that touched down near I-35W + Meacham dfwwx txwx https://t.co/7EMLl47YZH
James Fielding,662427145407434752,2015-11-06 00:31:53,2015-11-06,00:31:53,32.95598814,-97.292237,We're currently experiencing a tornado right over us! Very exciting... emergency alert on our iPhones https://t.co/pfIBE3gGQM
Kara Lifka,662426587304857600,2015-11-06 00:29:40,2015-11-06,00:29:40,33.26383207,-96.9610503,Tornado possibly heading our way. Am I watching weather or #AshvsEvilDead ? @GroovyBruce we're not in Kansas anymore!!
Iiro Lunki,662423978795921408,2015-11-06 00:19:18,2015-11-06,00:19:18,32.79050993,-96.81027016,"Massive tornado warnings in North #texas, that cloud is just massive and full of lightnings! #usa https://t.co/zXEqQ4FZNl"
Lillie Hamilton,662423180380909568,2015-11-06 00:16:08,2015-11-06,00:16:08,33.2163,-97.1292,Texas tornado got us Hammys slamming doors and hiding in closets and https://t.co/lAZOC0aNsj
Brittany,662423049501708289,2015-11-06 00:15:36,2015-11-06,00:15:36,33.72424836,-96.55183989,Better stand outside and start looking for the tornado with the rest of the neighbors. https://t.co/Mk6BBbNqul
Dallas CP,662421982676316160,2015-11-06 00:11:22,2015-11-06,00:11:22,32.79755357,-96.77401775,Thunder Truck is tracking the storm. WATCH: https://t.co/vNLTh4tW6T
Dallas CP,662421980155547648,2015-11-06 00:11:21,2015-11-06,00:11:21,32.79755357,-96.77401775,Live coverage of NTx storm online. NBC DFW https://t.co/mO1V0Ox94U
Dallas CP,662421977244696576,2015-11-06 00:11:21,2015-11-06,00:11:21,32.79755357,-96.77401775,Tornado Warning for Denton County until 5:45pm Online updates https://t.co/GB5HKpbVNi
Dallas CP,662421969619451905,2015-11-06 00:11:19,2015-11-06,00:11:19,32.79755357,-96.77401775,Denton County you are now under a TORNADO WARNING. WATCH LIVE https://t.co/2LLmu6E420
Zac Grantham,662421459508322305,2015-11-06 00:09:17,2015-11-06,00:09:17,33.6567688,-96.6001968,Tornado Warning has been CANCELED for Grayson County. Radar image as of 6:04pm. #TexomaWx https://t.co/1arQVCfCXQ
Jorge Rivera,662421336791384064,2015-11-06 00:08:48,2015-11-06,00:08:48,33.2163,-97.1292,"This how a Tornado warning looks like#tornadowarning @ Denton, Texas https://t.co/VW3Isawvwj"
Leslie Ashe,662418895404429312,2015-11-05 23:59:06,2015-11-05,23:59:06,32.85629138,-97.19362513,"we just finished a tornado warning here in Fort Worth, Texas. One touched at Meachem &amp; i35 - just 4 https://t.co/12H40hYfmc"
Beauty Pirate,662416853797466113,2015-11-05 23:50:59,2015-11-05,23:50:59,33.17547724,-97.09299049,Getting ready for the #tornado @ I-35 https://t.co/1LYY2LFxqy
Fort Worth CP,662416623005888514,2015-11-05 23:50:04,2015-11-05,23:50:04,32.72791305,-97.31947022,Tornado causes damage to building in north Fort Worth dfwwx https://t.co/7EMLl47YZH
Javierr.,662416145874419712,2015-11-05 23:48:10,2015-11-05,23:48:10,33.2080041,-97.14986257,What if the tornado destroyed the union?
Brittany,662415804751675393,2015-11-05 23:46:49,2015-11-05,23:46:49,33.72424983,-96.55184573,Not sure what is making my day worse. Dealing with my mother or a possible tornado nearby.
Javierr.,662415751437942784,2015-11-05 23:46:36,2015-11-05,23:46:36,33.20820962,-97.15001411,Update| watching a tornado form https://t.co/yJjxkDCgbZ
NWS Fort Worth,662415456607703040,2015-11-05 23:45:26,2015-11-05,23:45:26,33.65971973,-96.54588665,"Tornado Warning including Sherman TX, Denison TX, Bells TX until 6:15 PM CST https://t.co/kvoVLXH7vF"
NWS Tornado Warnings,662415445270528000,2015-11-05 23:45:23,2015-11-05,23:45:23,33.65971973,-96.54588665,"Tornado Warning including Sherman TX, Denison TX, Bells TX until 6:15 PM CST https://t.co/wK8NDd8aWH"
Austin Press,662415166533857280,2015-11-05 23:44:17,2015-11-05,23:44:17,30.26960519,-97.74361687,Roof ripped off near I-35W and Meacham during TORNADO WARNING https://t.co/MuGb42Rn3D
Zac Grantham,662415105234182144,2015-11-05 23:44:02,2015-11-05,23:44:02,33.6567688,-96.6001968,Tornado Warning for Grayson County until 6:15!!!! #TexomaWx @ 93.1 KMKT https://t.co/QFgP62agfb
NWS Fort Worth,662414430370574336,2015-11-05 23:41:21,2015-11-05,23:41:21,33.65682429,-96.55374692,"Tornado Warning including Sherman TX, Denison TX, Bells TX until 6:15 PM CST https://t.co/Iujg9WTQOK"
NWS Tornado Warnings,662414422162305024,2015-11-05 23:41:19,2015-11-05,23:41:19,33.65682429,-96.55374692,"Tornado Warning including Sherman TX, Denison TX, Bells TX until 6:15 PM CST https://t.co/EmObHLFuT9"
Dallas CP,662413872062533633,2015-11-05 23:39:08,2015-11-05,23:39:08,32.79755357,-96.77401775,Damage in Fort Worth from possible tornado https://t.co/W0SjaElSMx
Dallas CP,662413869986410496,2015-11-05 23:39:08,2015-11-05,23:39:08,32.79755357,-96.77401775,Damage reported in Fort Worth from possible tornado https://t.co/W0SjaElSMx
Dallas CP,662413868438687744,2015-11-05 23:39:07,2015-11-05,23:39:07,32.79755357,-96.77401775,From Ken Kalthoff onscene at tornado damaged building in Tarrant county. https://t.co/uXk8s1bc3p
Dallas CP,662413866807103488,2015-11-05 23:39:07,2015-11-05,23:39:07,32.79755357,-96.77401775,"Live video: Tornado watch, warnings throughout North Texas as storms slowly approach Dallas https://t.co/oxXxylMioL"
Dallas CP,662413864839983104,2015-11-05 23:39:07,2015-11-05,23:39:07,32.79755357,-96.77401775,"Reporter Ken Kalthoff is on scene of roof collapse in FW , people are very shaken up https://t.co/agdjNEecyK"
Dallas CP,662413863040585728,2015-11-05 23:39:06,2015-11-05,23:39:06,32.79755357,-96.77401775,Chopper 5 live over storm damage in Fort Worth. WATCH https://t.co/3XTCprB3b5
Dallas CP,662413860494700544,2015-11-05 23:39:06,2015-11-05,23:39:06,32.79755357,-96.77401775,WATCH: Roof ripped off near I-35W and Meacham during tornado warning https://t.co/knrUvmkOut
Dallas CP,662413858309443585,2015-11-05 23:39:05,2015-11-05,23:39:05,32.79755357,-96.77401775,Roof ripped off near I-35W and Meacham during TORNADO WARNING https://t.co/QqA2cnu8Gt
Dallas CP,662413851976036352,2015-11-05 23:39:04,2015-11-05,23:39:04,32.79755357,-96.77401775,"Wise, Denton and Cook Counties you are still under a Tornado WARNING. WATCH LIVE https://t.co/skox5QIMY2"
NWS Fort Worth,662412431373701120,2015-11-05 23:33:25,2015-11-05,23:33:25,33.28656555,-97.03772794,"Tornado Warning including Denton TX, Pilot Point TX, Krum TX until 5:45 PM CST https://t.co/irhVQPlBrg"
NWS Tornado Warnings,662412423198994432,2015-11-05 23:33:23,2015-11-05,23:33:23,33.28656555,-97.03772794,"Tornado Warning including Denton TX, Pilot Point TX, Krum TX until 5:45 PM CST https://t.co/IyOBRqydDO"
Houston Press,662412345294000129,2015-11-05 23:33:04,2015-11-05,23:33:04,29.75523769,-95.3618441,Tornado damage in N. Texas https://t.co/d0Q8bkf3tf
NWS Fort Worth,662411707361292288,2015-11-05 23:30:32,2015-11-05,23:30:32,33.59503143,-96.81684792,Tornado Warning including Collinsville TX until 5:45 PM CST https://t.co/5rKvXj5iLX
NWS Tornado Warnings,662411699597668353,2015-11-05 23:30:30,2015-11-05,23:30:30,33.59503143,-96.81684792,Tornado Warning including Collinsville TX until 5:45 PM CST https://t.co/xPCRY59Jx2
Ramona,662409788211335168,2015-11-05 23:22:55,2015-11-05,23:22:55,56.95,24.1,"She was chaos
and beauty
intertwined .
A tornado of
roses
devine . @ Latvia https://t.co/Pop2J5i8v4"
NWS Fort Worth,662409600222695424,2015-11-05 23:22:10,2015-11-05,23:22:10,33.24785631,-97.09782725,"Tornado Warning including Denton TX, Corinth TX, Pilot Point TX until 5:45 PM CST https://t.co/ZI03JX8bvl"
NWS Tornado Warnings,662409592480010240,2015-11-05 23:22:08,2015-11-05,23:22:08,33.24785631,-97.09782725,"Tornado Warning including Denton TX, Corinth TX, Pilot Point TX until 5:45 PM CST https://t.co/He8oppZSSr"
Bianca Lr,662406261594578944,2015-11-05 23:08:54,2015-11-05,23:08:54,-22.88879378,-43.22098296,"Um sonho tornado realidade. - Escaderia Selarn, Rio de Janeiro.  #ThrowbackThursday @ Escadaria https://t.co/dV6eEB5HKD"
NWS Fort Worth,662406247824560129,2015-11-05 23:08:51,2015-11-05,23:08:51,33.52091719,-96.88009612,"Tornado Warning including Collinsville TX, Gunter TX, Tioga TX until 5:45 PM CST https://t.co/V99r8K9Hmu"
NWS Tornado Warnings,662406238915813376,2015-11-05 23:08:48,2015-11-05,23:08:48,33.52091719,-96.88009612,"Tornado Warning including Collinsville TX, Gunter TX, Tioga TX until 5:45 PM CST https://t.co/AeWHSk6v0e"
Dallas CP,662406121496252416,2015-11-05 23:08:20,2015-11-05,23:08:20,32.79755357,-96.77401775,"TORNADO warning just issued for Cook, Denton &amp; Wise Counties. LIVE COVERAGE HERE https://t.co/u59Szdmr37"
Dallas CP,662406117155213312,2015-11-05 23:08:19,2015-11-05,23:08:19,32.79755357,-96.77401775,Tornado warning issued for Tarrant County after funnel cloud spotted in North Richland Hills https://t.co/jQU9dr6Al3
Dallas CP,662406115347460096,2015-11-05 23:08:19,2015-11-05,23:08:19,32.79755357,-96.77401775,People taking cover Texas Motor Speedway due to Tornado WARNING. LIVE https://t.co/MrseJNeJj8
Dallas CP,662406113048969216,2015-11-05 23:08:18,2015-11-05,23:08:18,32.79755357,-96.77401775,Warning for fans at TMS. Tornado Warning in Tarrant County right now. https://t.co/Uc0KnPbTKz
Dallas CP,662406108837863424,2015-11-05 23:08:17,2015-11-05,23:08:17,32.79755357,-96.77401775,Tornado Warning for northern Tarrant County. Meteorologist Dan Henry and Meteorologist Jennifer Myers... https://t.co/6uhcWAbwaA
Dallas CP,662406107055329284,2015-11-05 23:08:17,2015-11-05,23:08:17,32.79755357,-96.77401775,Tornado Warning for Tarrant County until 4:45pm. Online updates https://t.co/GB5HKpbVNi
Dallas CP,662406104895221760,2015-11-05 23:08:16,2015-11-05,23:08:16,32.79755357,-96.77401775,Tornado Warning for Tarrant County until 4:45pm. WATCH LIVE: Online updates https://t.co/GB5HKpbVNi
Dallas CP,662406102177333248,2015-11-05 23:08:16,2015-11-05,23:08:16,32.79755357,-96.77401775,Funnel in NE Tarrant Co where a Tornado Warning is in effect. https://t.co/Eq2ntWUbgq
Josh Reese,662405341972312064,2015-11-05 23:05:15,2015-11-05,23:05:15,32.892285,-97.114763,Gotta love DFW weather!  Tornado passed through Keller onto Southlake! #dfw #tornado https://t.co/4p6XaPBQCc
MichelleOU11,662404229877796864,2015-11-05 23:00:49,2015-11-05,23:00:49,33.08865125,-96.80123633,Tornado touched down in Dallas. Sittin' on the patio watchin this storm come in (for awhile anyhow!)    
Dariana Torres-Faz,662403365167628288,2015-11-05 22:57:23,2015-11-05,22:57:23,33.2108498,-97.1463776,Tornado watch in Denton  #wtf #texasweather #notevenraining #sunny  https://t.co/M4TohvYMFo
 New Era Chasers,662403282946650113,2015-11-05 22:57:04,2015-11-05,22:57:04,33.2040229,-97.1583874,Tornado warning in Red Box storm capable of producing a Tornado moving NE   Severe T-storms in yellow Boxes! https://t.co/M8dvV9cyn7
NWS Fort Worth,662402803818561536,2015-11-05 22:55:09,2015-11-05,22:55:09,33.45593366,-97.23038785,"Tornado Warning including Sanger TX, Valley View TX until 5:00 PM CST https://t.co/2wNXwqQ8Zu"
NWS Tornado Warnings,662402796302438400,2015-11-05 22:55:08,2015-11-05,22:55:08,33.45593366,-97.23038785,"Tornado Warning including Sanger TX, Valley View TX until 5:00 PM CST https://t.co/URNEEREwgH"
Jordan Moed,662402051406700544,2015-11-05 22:52:10,2015-11-05,22:52:10,30.32178886,-81.63992691,#tbt to when we got caught in a tornado at #welcometorockville. #legacy  gamechangers https://t.co/gy1YT2p55f
Devin LaBrie,662399389390909440,2015-11-05 22:41:35,2015-11-05,22:41:35,33.03660835,-97.28424923,"Made it to Texas for the 1st and possibly last time ever, flood warnings and a tornado 25 mins away. #SOS @NASCAR https://t.co/jWNzEciYYX"
maggie,662398165098717184,2015-11-05 22:36:43,2015-11-05,22:36:43,32.93599554,-97.17236747,I was having a dream that I was joining a small church of christian feminist warriors that rode horses then tornado sirens woke me up
Luke Chitwood,662398015387410432,2015-11-05 22:36:08,2015-11-05,22:36:08,36.1313,-95.9373,"Western Arkansas' pact with the devil seems to be paying off, as this potential tornado has promised https://t.co/CHvw6SNfcy"
NWS Fort Worth,662397545507721216,2015-11-05 22:34:16,2015-11-05,22:34:16,33.39513872,-97.31471705,"Tornado Warning including Sanger TX, Valley View TX until 5:00 PM CST https://t.co/N9VxfeQ1h2"
NWS Tornado Warnings,662397520765517824,2015-11-05 22:34:10,2015-11-05,22:34:10,33.39513872,-97.31471705,"Tornado Warning including Sanger TX, Valley View TX until 5:00 PM CST https://t.co/1FVlY8R4X7"
DJ Elements,662395870168670213,2015-11-05 22:27:36,2015-11-05,22:27:36,32.8714,-97.2491,"Nader Warning! #tornado #texas #weather @ Watauga, Texas https://t.co/hRNJz02Jyy"
Matthew Garcia,662395715348508673,2015-11-05 22:26:59,2015-11-05,22:26:59,32.8419609,-97.1892166,Sick of these! I'm trying to nap!!! #dallas #weather #tornado #rh @ Hyatt Place Fort Worth/Hurst https://t.co/QWtlSC7aVg
Blu,662395022638206976,2015-11-05 22:24:14,2015-11-05,22:24:14,32.8440208,-97.2908249,Current view  #Tornado #dfw #tornadoalley #FortWorth @ OpenRoad Lending https://t.co/iALornhS4J
NWS Fort Worth,662393503477952512,2015-11-05 22:18:12,2015-11-05,22:18:12,32.91674426,-97.17253764,"Tornado Warning including North Richland Hil TX, Bedford TX, Grapevine TX until 4:45 PM CST https://t.co/inSzmbbnuN"
NWS Tornado Warnings,662393495068348416,2015-11-05 22:18:10,2015-11-05,22:18:10,32.91674426,-97.17253764,"Tornado Warning including North Richland Hil TX, Bedford TX, Grapevine TX until 4:45 PM CST https://t.co/18SQ6hR6N3"
Yunitadwijayanti,662389257156325376,2015-11-05 22:01:20,2015-11-05,22:01:20,-6.12259969,106.83332716,"Seenggaknya udah berani untuk mencoba. Anjaywkwk #tornado #duniafantasi #ancol #lehuga @ DUFAN, https://t.co/QGkDMQW7eR"
Gary Baldi,662385354838827009,2015-11-05 21:45:49,2015-11-05,21:45:49,51.60726397,-0.25764047,"@MoreUtterPiffle 
Ok I'm interested. Is he caught in a tornado eating people or is he a maverick."
NWS Tornado Warnings,662381709757841408,2015-11-05 21:31:20,2015-11-05,21:31:20,37.70914439,-93.82093594,"Tornado Warning including Stockton MO, Caplinger Mills MO, Arnica MO until 3:45 PM CST https://t.co/0cLUJtsxVW"
NWS Tornado Warnings,662379239455326214,2015-11-05 21:21:31,2015-11-05,21:21:31,37.7016432,-93.85125526,"Tornado Warning including Stockton MO, Caplinger Mills MO, Jerico Springs MO until 3:45 PM CST https://t.co/NE3IjsizH9"
Leandro Xavier,662378004685811715,2015-11-05 21:16:37,2015-11-05,21:16:37,-21.2176221,-50.8689571,De ontem. No meio do canavial formao de um tornado  @ Usina Da Mata https://t.co/4A8mb2Tk28
NWS Tornado Warnings,662377210758586368,2015-11-05 21:13:28,2015-11-05,21:13:28,37.69690928,-93.87314207,"Tornado Warning including Stockton MO, Caplinger Mills MO, Jerico Springs MO until 3:45 PM CST https://t.co/SBvtyqOOC3"
NWS Tornado Warnings,662373720854425601,2015-11-05 20:59:36,2015-11-05,20:59:36,35.80964827,-95.72666834,"Tornado Warning including Bald Hill OK, Haskell OK, Choska OK until 3:30 PM CST https://t.co/M5vsNDGLuJ"
You,662373396714496000,2015-11-05 20:58:18,2015-11-05,20:58:18,6.5321395,3.3927439,Same way i feel about my sex .. If u like say som1 can fuck a tornado outta u  https://t.co/hBNYwobiDo
NWS Tornado Warnings,662370130546941952,2015-11-05 20:45:20,2015-11-05,20:45:20,35.59120374,-95.97844079,"Tornado Warning including Okmulgee OK, Schulter OK, Morris OK until 3:15 PM CST https://t.co/TEooTL6TbE"
NWS Tornado Warnings,662367002690916352,2015-11-05 20:32:54,2015-11-05,20:32:54,35.44860774,-96.25950134,"Tornado Warning including Okemah OK, Clearview OK, Pharoah OK until 3:00 PM CST https://t.co/BNJlhhQVpV"
NWS Tornado Warnings,662365932275109889,2015-11-05 20:28:39,2015-11-05,20:28:39,35.44860774,-96.25950134,"Tornado Warning including Okemah OK, Clearview OK, Pharoah OK until 3:00 PM CST https://t.co/uINJA8LkIy"
John Clower,662355360565633024,2015-11-05 19:46:38,2015-11-05,19:46:38,33.21061379,-97.14694977,Made it here from Guyer just in time for the tornado watch. A fun afternoon ahead. (@ University of North Texas) https://t.co/K86jHEKHys
Dallas CP,662350209754624000,2015-11-05 19:26:10,2015-11-05,19:26:10,32.79755357,-96.77401775,Tornado Watch for parts of North Texas https://t.co/Mwt3cIsL2m
Dallas CP,662350208454410241,2015-11-05 19:26:10,2015-11-05,19:26:10,32.79755357,-96.77401775,"Tornado watch issued for Dallas, surrounding counties as strong storms crawl in https://t.co/cz0MsxGF2q"
Austin Press,662343530132566016,2015-11-05 18:59:37,2015-11-05,18:59:37,30.26960519,-97.74361687,TORNADO WATCH for Lampasas County and northward into North Texas and Oklahoma until 8pm. Conditions are favorable... https://t.co/x3dVuJxNsY
Mary McDowell,662338049083367424,2015-11-05 18:37:51,2015-11-05,18:37:51,32.4464,-99.7455,"November in Texas!! Storms , tornado watches and the trees are still green!! @ Abilene, Texas https://t.co/56AMEHs4et"
 New Era Chasers,662336099851759616,2015-11-05 18:30:06,2015-11-05,18:30:06,33.4940454,-97.2865832,Tornado Watch till 8pm in Orange Boxes Flash Flood Watch in Green Boxes! https://t.co/UZa0BSeWub
Diego ,662332706466975750,2015-11-05 18:16:37,2015-11-05,18:16:37,32.95486543,-96.83601329,"Alerta de tornado. D: (@ Homewood Suites by Hilton Dallas/Addison in Addison, TX) https://t.co/hihzchtaFP"
Tayla,662296967301627904,2015-11-05 15:54:36,2015-11-05,15:54:36,-29.75997321,-50.01714508,"Quero comear te agradecendo por ter entrado na minha vida da forma mais inesperada, e ter tornado https://t.co/Db7BuZmdK4"
Emre Aa,662280730198843392,2015-11-05 14:50:05,2015-11-05,14:50:05,41.05489151,28.92255338,I'm at Manzara https://t.co/6Y17F65UNT
 ,662280292581818368,2015-11-05 14:48:20,2015-11-05,14:48:20,35.93751144,-90.25827602,Might get a tornado today omg!!
Caroline Chacon,662272439628509184,2015-11-05 14:17:08,2015-11-05,14:17:08,-5.85536513,-35.20343458,"Parece que passou um tornado por aqui!!! (@ Residencial Jardim Liliana in Natal, RN) https://t.co/71Pd2bA1sA"
Diario La Hora,662248844453765120,2015-11-05 12:43:23,2015-11-05,12:43:23,14.5682436,-90.5440401,PNC ha realizado cuatro capturas en la operacin Tornado realizada en San Marcos https://t.co/mNWDrN2DT5 va @mingobguate
shin ae ri,662241466979364865,2015-11-05 12:14:04,2015-11-05,12:14:04,-6.12259969,106.83332716,"seru... semua wahana ekstrim udah dicoba.. haha puas banget
#tornado #ancol #dufan #holiday @ DUFAN, https://t.co/Td2SBfWMiI"
Carly J Wilkinson,662216198101311488,2015-11-05 10:33:39,2015-11-05,10:33:39,-37.97609385,145.02134432,"Melbourne post-""tornado"". Four seasons in one day. #Melbourne #blackrock #sunset @ Black Rock, Melbourne https://t.co/39MCHh2yhl"
Umiiiii,662213177569071104,2015-11-05 10:21:39,2015-11-05,10:21:39,40.29173525,-4.11362601,Mi nio  #Tornado #Dressage #DressageHorse #DressageRider #Mipeque #Misshim #Echandoledemenos https://t.co/Y3xIdfSHUv
Kent Palmer,662211661248466944,2015-11-05 10:15:37,2015-11-05,10:15:37,37.69900023,-123.01217976,Picture of a tornado in North Dakota https://t.co/UPJhdH6SK1
Jen Bainbridge,662193771308826624,2015-11-05 09:04:32,2015-11-05,09:04:32,-37.80232329,144.96015437,So after a lot of wind ad a rain and a tornado warning the day ended with a little bit of sun  @ https://t.co/tFNl18HDmm
Teresa Morris,662187827208278016,2015-11-05 08:40:55,2015-11-05,08:40:55,37.6993923,-123.01206253,https://t.co/gZR3SNQgb7 Fire tornado in Hawaii - combination of strong winds and brush fires created this
rei chioo,662174618942222336,2015-11-05 07:48:26,2015-11-05,07:48:26,-6.1242,106.83032,Lucu itu pas naik tornado trs ada yg ngerengek minta turun pas lg diatas  (at @1jabodetabek)  https://t.co/SqJsfi4oOL
only_vegas,662171151288901632,2015-11-05 07:34:39,2015-11-05,07:34:39,56.6331,47.8833,")     ) 

#yoshkarola #yo_city https://t.co/zK2D6fCDaJ"
Syafiq Frix,662168960725614592,2015-11-05 07:25:57,2015-11-05,07:25:57,3.19692267,101.7410053,Mari singgah Mobile Vaporshop Wangsa Maju kita buat tornado vape.. Lets Vape &amp; Vape ON.. https://t.co/MzhmAl1KGe
simon fothergill,662168138792865793,2015-11-05 07:22:41,2015-11-05,07:22:41,-35.3245102,149.0803137,"No meteorologist, but with the light tornado's affecting Australia, I reckon Australia's weather maybe like USA's in 70years; moisture..."
Emre Aa,662167860211531776,2015-11-05 07:21:35,2015-11-05,07:21:35,41.07327279,28.99138962,"I'm at stanbul Bilgi niversitesi - @bilgiofficial in stanbul, Trkiye w/ @ecekcc @hillagac @snafrodit https://t.co/9xdHYByssp"
Australia Trends,662162574096490496,2015-11-05 07:00:34,2015-11-05,07:00:34,-24.9162,133.3931,"1. #AUSvNZ
2. #OaksDay
3. #StressIn5Words
4. Sacred Eye
5. #tornado

2015/11/5 17:53 EST #trndnl https://t.co/3f5QhuibxR"
Matt Crawford,662160316353142784,2015-11-05 06:51:36,2015-11-05,06:51:36,-37.8512893,144.99313831,"I survived the #MelbourneTornado https://t.co/HWsLbtl4fg  (@ Prahran in Prahran, VIC) https://t.co/GQ8TpSqbZN"
Australia Trends,662157521176530944,2015-11-05 06:40:29,2015-11-05,06:40:29,-24.9162,133.3931,"1. #AUSvNZ
2. #OaksDay
3. #StressIn5Words
4. #tornado
5. #melbweather

2015/11/5 17:34 EST #trndnl https://t.co/3f5QhuibxR"
Australia Trends,662147460412735488,2015-11-05 06:00:31,2015-11-05,06:00:31,-24.9162,133.3931,"1. #AUSvNZ
2. #OaksDay
3. #tornado
4. #StressIn5Words
5. #melbweather

2015/11/5 16:54 EST #trndnl https://t.co/3f5QhuibxR"
Trends Australia,662144531807080448,2015-11-05 05:48:53,2015-11-05,05:48:53,-33.8671,151.207,'tornado' is now trending in Australia https://t.co/giFpgT62Zv
Australia Trends,662142430704041985,2015-11-05 05:40:32,2015-11-05,05:40:32,-24.9162,133.3931,"1. #AUSvNZ
2. #OaksDay
3. #tornado
4. #melbweather
5. #StressIn5Words

2015/11/5 16:39 EST #trndnl https://t.co/3f5QhuibxR"
Australia Trends,662137392829083648,2015-11-05 05:20:31,2015-11-05,05:20:31,-24.9162,133.3931,"1. #AUSvNZ
2. #OaksDay
3. #tornado
4. The Quarterback
5. #StressIn5Words

2015/11/5 16:19 EST #trndnl https://t.co/3f5QhuibxR"
Australia Trends,662132357944619008,2015-11-05 05:00:30,2015-11-05,05:00:30,-24.9162,133.3931,"1. #AUSvNZ
2. #OaksDay
3. #tornado
4. The Quarterback
5. #MonsterHotel

2015/11/5 15:54 EST #trndnl https://t.co/3f5QhuibxR"
n 1 c k,662130667740897281,2015-11-05 04:53:47,2015-11-05,04:53:47,-37.91785096,144.98694395,Storm? What storm? #melbourne #melbourneweather #melbweather #tornado #brighton #brightonbeach https://t.co/HrdVa4JJ5R
Australia Trends,662127329896853504,2015-11-05 04:40:31,2015-11-05,04:40:31,-24.9162,133.3931,"1. #AUSvNZ
2. #OaksDay
3. #tornado
4. #MonsterHotel
5. #2015fecca

2015/11/5 15:39 EST #trndnl https://t.co/3f5QhuibxR"
Australia Trends,662122298485288960,2015-11-05 04:20:32,2015-11-05,04:20:32,-24.9162,133.3931,"1. #AUSvNZ
2. #OaksDay
3. #tornado
4. #MonsterHotel
5. #2015fecca

2015/11/5 15:14 EST #trndnl https://t.co/3f5QhuibxR"
Sergio Paradise,662121808942923776,2015-11-05 04:18:35,2015-11-05,04:18:35,-37.93845171,145.02859549,Where's my tornado? #beatup #melbourneweather
Trendsmap Brisbane,662118669103730688,2015-11-05 04:06:06,2015-11-05,04:06:06,-27.4676,153.028,'tornado' is now trending in #Brisbane https://t.co/AnX6v3WZ1M
Australia Trends,662117272706637824,2015-11-05 04:00:34,2015-11-05,04:00:34,-24.9162,133.3931,"1. #AUSvNZ
2. #OaksDay
3. #tornado
4. #MonsterHotel
5. #2015fecca

2015/11/5 14:54 EST #trndnl https://t.co/3f5QhuibxR"
James Smith,662114510195462144,2015-11-05 03:49:35,2015-11-05,03:49:35,-37.82385908,144.99103449,So no more Tornado warning and the sun is shining again
Australia Trends,662113917108260865,2015-11-05 03:47:13,2015-11-05,03:47:13,-24.9162,133.3931,Trend Alert: #tornado. More trends at https://t.co/3f5QhuibxR #trndnl https://t.co/xkxYW5XfYZ
TheMelbourneNotebook,662111364152979457,2015-11-05 03:37:05,2015-11-05,03:37:05,-37.8167,144.967,"Stay safe Melbourne Notebookers 

#themelbournenotebook #tornado #warning https://t.co/j8aTOJmOQI"
Trendsmap Sydney,662109341906894848,2015-11-05 03:29:03,2015-11-05,03:29:03,-33.8671,151.207,'tornado' is now trending in #Sydney https://t.co/pCmfpRNn0r
Sheeds,662108355696070656,2015-11-05 03:25:08,2015-11-05,03:25:08,-37.985427,145.219413,Tornado warning for #Melbourne just now. Wow! #Storm
Fen,662108139941199872,2015-11-05 03:24:16,2015-11-05,03:24:16,-38.00534469,145.24737283,"Current view. 
Tornado watching issued #melbweather @ CFA District HQ https://t.co/hJrrEXPHlR"
Hersh Lulla,662107996978331649,2015-11-05 03:23:42,2015-11-05,03:23:42,19.15169103,72.84130384,People playing with their pet tornado https://t.co/LjlQbVjzM6
Trendsmap Melbourne,662106853988405249,2015-11-05 03:19:09,2015-11-05,03:19:09,-37.8143,144.963,'tornado' is now trending in #Melbourne https://t.co/X4NwPDCyjH
 Triyanti CF Saragih,662099316669026308,2015-11-05 02:49:12,2015-11-05,02:49:12,-6.85205316,107.49402856,"6. Water Tornado @ Puspa IPTEK, Kota Baru Parahyangan https://t.co/sVPuJsbCKB"
Jarley Shortz,662099099618033664,2015-11-05 02:48:21,2015-11-05,02:48:21,40.28761586,-79.97047217,@Burgerdude1487 @meat_tornado_ https://t.co/WWBWBh7Oxr
Mike Hiteshew,662089087063613444,2015-11-05 02:08:34,2015-11-05,02:08:34,38.8542,-94.764,Drinking a Tornado Alley by @CharlevilleBeer @ Hiteshew Hacienda  https://t.co/3HFm7bOW4q #photo
San Antonio CP,662078524346404864,2015-11-05 01:26:35,2015-11-05,01:26:35,29.42989111,-98.48699646,Floresville man rides out tornado in restaurant cooler KSATnews https://t.co/DD9yCNmm6o
Buck Naked Brewery,662067112945545216,2015-11-05 00:41:14,2015-11-05,00:41:14,43.1792,-88.1173,Drinking a Maple Wheat Lager by Tornado Brewing Company @ Tornado Brewing Company  https://t.co/P2NiBlDTC9
San Antonio CP,662062044976320512,2015-11-05 00:21:06,2015-11-05,00:21:06,29.42989111,-98.48699646,Floresville man rides out tornado in restaurant cooler KSATnews https://t.co/2NZDJQNx1X
Vtor,662047803473068033,2015-11-04 23:24:31,2015-11-04,23:24:31,39.798435,-8.921275,Maltinha eu queria agradecer  Earbox por ter tornado isto possvel
ade afrilian,662039886720036864,2015-11-04 22:53:03,2015-11-04,22:53:03,-6.123391,106.831139,"Dont forget to play with your adrenaline! 

#dufan #tornado #adrenaline #adventure #travel https://t.co/RzRJLTaPUD"
JONES ,662022093064671233,2015-11-04 21:42:21,2015-11-04,21:42:21,-6.23443,106.77128,Tornado of Souls by Megadeth (at Weird Mansion)  https://t.co/SPbR0rHyJI
Emily Wright,661983577563787264,2015-11-04 19:09:18,2015-11-04,19:09:18,44.98,-93.2636,"The sound still gives me goosebumps. My first tornado experience was in Madison, as a 10 year old https://t.co/OJlU9sHVzZ"
Jeffrey Morgan ASPT,661979112559505408,2015-11-04 18:51:34,2015-11-04,18:51:34,-34.03971601,151.16370646,"BEACH SPRINT WORKOUT SESSION
TORNADO THURSDAY WORKOUT

Spell your name workout
A: 5 burpees
B: 10 https://t.co/paViIrOYBY"
Adhitya Ramadhan D P,661874100785156096,2015-11-04 11:54:17,2015-11-04,11:54:17,-6.22807,106.85522,Tornado Greentea~ (with Dwiky at Lotteria Tebet)  https://t.co/guR45wmX3Q
YENI NURAENI,661871983253057536,2015-11-04 11:45:52,2015-11-04,11:45:52,-6.2257021,106.8473013,"Teriakan yg bikin petcaaah yaaa. NextTime jalan lg @ Wahana Tornado , Dufan Ancol https://t.co/PmnnWAvKt6"
Andryan eSwe,661871574056767488,2015-11-04 11:44:14,2015-11-04,11:44:14,-6.12662,106.83201,"Mabok abis tornado, histeria, kora-kora, dan jestkoster ... Pulang dengan hati (w/ Rameaaan at Dufan) [pic]  https://t.co/EBeiObLqQn"
Jeremias Lye,661857415927844864,2015-11-04 10:47:59,2015-11-04,10:47:59,5.35388889,100.34638889,Car starts shaking while in the middle of the bridge. #scary #tornado in #penangbridge 4th November https://t.co/8kpZokVSXc
Tika Indriani,661856738115584000,2015-11-04 10:45:17,2015-11-04,10:45:17,-6.12259,106.83322,"Mamaaammm tu tornado (with Jimmy G. Simatupang, Bam, and 17 others at Dunia Fantasi (DUFAN)) [pic]  https://t.co/5nZdoV5O90"
Mohamed Fauzi,661831384487600129,2015-11-04 09:04:32,2015-11-04,09:04:32,5.39400325,100.36496181,Tornado is in town. #tornado #DarkClouds #pidc #butterworth #penang #igers #iphone5s #iosphotography https://t.co/Xe1kZT32iC
Emre Aa,661793705142173696,2015-11-04 06:34:49,2015-11-04,06:34:49,41.03174767,28.9707756,"I'm at Beyolu - @beyoglubld in stanbul, Trkiye https://t.co/KQhRhbikqm"
,661771097675710465,2015-11-04 05:04:59,2015-11-04,05:04:59,34.967096,135.772691,#nowplaying  - I was music / Best of Tornado https://t.co/W2KqjKwezQ
Trendsmap Adelaide,661766832823529472,2015-11-04 04:48:02,2015-11-04,04:48:02,-34.9258,138.6,'tornado' is now trending in #Adelaide https://t.co/5RM069amty
San Antonio CP,661724322269036546,2015-11-04 01:59:07,2015-11-04,01:59:07,29.42989111,-98.48699646,EXCLUSIVE Bus driver keeps cool during tornado in Floresville: As the EF-2 tornado is bearing down on the school https://t.co/aOIZhqskY5
Jacksonville CP,661722932545085440,2015-11-04 01:53:35,2015-11-04,01:53:35,30.32633066,-81.65339546,Georgia holding statewide tornado drill Wednesday morning: The Times-UnionThe National Weather Services weekly https://t.co/xZWMRHZHhh
Taylor Della-Coletta,661691669574647808,2015-11-03 23:49:22,2015-11-03,23:49:22,36.02982537,-78.89862804,Playing with a tornado. NBD.  @ Museum of Life and Science https://t.co/0sfxOu7UVt
San Antonio CP,661691594752462848,2015-11-03 23:49:04,2015-11-03,23:49:04,29.42989111,-98.48699646,"Dealing with tornado aftermath: Just days after a confirmed tornado rips through half a dozen homes in Geronimo, https://t.co/AsPReEZOge"
Romina,661683554280210432,2015-11-03 23:17:07,2015-11-03,23:17:07,-30.89799591,-55.55613331,"Ac con Tornado, Felpa y Cuca"
ALBA,661638575751057409,2015-11-03 20:18:23,2015-11-03,20:18:23,40.415364,-3.707398,Consiste en entrar por la puerta con un tornado de lgrimas y salir con https://t.co/JexP5vuX8u
IEMBot HGX,661615799996583936,2015-11-03 18:47:53,2015-11-03,18:47:53,29.6,-95.13,"At 6:19 AM, 4 SSE Pasadena [Harris Co, TX] NWS STORM SURVEY reports TORNADO #HGX https://t.co/YsnCeuofCu"
Umiiiii,661595077387644928,2015-11-03 17:25:32,2015-11-03,17:25:32,40.38674028,-3.75186852,"Finalizada la Liga Sur de Madrid 2015 con Tornado. Las circunstancias y el vivir a 3,000 km de Madrid https://t.co/PvoukpFH9v"
IEMBot JAN,661553740642562052,2015-11-03 14:41:17,2015-11-03,14:41:17,31.28,-89.36,"At 5:24 PM, 4 SW Hattiesburg [Lamar Co, MS] NWS STORM SURVEY reports TORNADO of EF0 #JAN https://t.co/0amUPCFqps"
IEMBot JAN,661553740642553856,2015-11-03 14:41:17,2015-11-03,14:41:17,31.17,-89.97,"At 4:27 PM, 3 SE Kokomo [Marion Co, MS] NWS STORM SURVEY reports TORNADO of EF1 #JAN https://t.co/nZEpE9LQlp"
Emre Aa,661530446254186496,2015-11-03 13:08:43,2015-11-03,13:08:43,41.07305897,28.99133846,"I'm at stanbul Bilgi niversitesi - @bilgiofficial in stanbul, Trkiye w/ @tugbageenc https://t.co/XG8dN2hDEj"
YulianaDeboraTarigan,661527299653693440,2015-11-03 12:56:13,2015-11-03,12:56:13,-6.23573,106.85249,"Makan setelah badan diobok-obok tornado . (with pepi, Dinda, and 4 others at Mie Aceh Barokah)  https://t.co/afQN3W4SoJ"
Stigmabase | BR,661499839385960448,2015-11-03 11:07:06,2015-11-03,11:07:06,-23.2388973,-50.86835938,"MWBR -  Perrie Edwards revelou que se pode ter tornado homossexual, aps noivado com Zayn Malik - Perrie Edwards https://t.co/5j4Q5mG0K2"
"JEON,Hyesung()",661469967905329152,2015-11-03 09:08:24,2015-11-03,09:08:24,35.69337211,139.79764335,# # #centripen#tornado#cool#pulaman#20151103 @  https://t.co/fobZgT1H1f
IG:skhumbuzo_makwakw,661462206224203776,2015-11-03 08:37:33,2015-11-03,08:37:33,-25.4516736,31.0936057,A tornado flew around my room right before u came please excuse the mess it made
Muhamad Tony ,661454341597851652,2015-11-03 08:06:18,2015-11-03,08:06:18,-6.12249,106.8342,Pusing gue di oyak oyak  (with Annastya at Dufan wanaha Tornado)  https://t.co/oo6fXMHuuJ
Rindhie Lolyta Thio ,661435780552720385,2015-11-03 06:52:33,2015-11-03,06:52:33,-6.12258,106.83366,"Histeria 
Tornado 
Halilintar 

Apalagiiii yaahh  (w/ Indra, yeyen, &amp; 2 others at Dunia Fantasi (DUFAN))  https://t.co/fq8MFKS6ea"
Houston Press,661417156467273728,2015-11-03 05:38:33,2015-11-03,05:38:33,29.75523769,-95.3618441,"Popular Friendswood restaurant damaged by tornado: A family in Friendswood is working hard to get their restaurant, https://t.co/n9FtjaqhSE"
Pavel Armbula,661395851881742336,2015-11-03 04:13:53,2015-11-03,04:13:53,22.2557252,-100.9365265,@Deyna_GT un Beso tornado hasta Peru
dianna rose acosta,661389201858936832,2015-11-03 03:47:28,2015-11-03,03:47:28,16.7103894,121.6773295,"BestMovie EverydayILoveYou 
Tornado mode 
#PushAwardsLizQuens"
IEMBot TAE,661387538553147392,2015-11-03 03:40:51,2015-11-03,03:40:51,31.6,-84.58,"At 12:49 PM, 4 NNE Morgan [Calhoun Co, GA] OFFICIAL NWS OBS reports TORNADO #TAE https://t.co/c3K13uooHm"
San Antonio CP,661380037841547264,2015-11-03 03:11:03,2015-11-03,03:11:03,29.42989111,-98.48699646,"Tornado confirmed in Geronimo last weekend: GERONIMO -The national weather services confirming Monday, a tornado https://t.co/e3LShhQXEC"
 Ezequiel Acosta ,661368120347611136,2015-11-03 02:23:42,2015-11-03,02:23:42,-38.7077164,-62.2947762,la lengua tornado jajajajajaj
San Antonio CP,661360158023413761,2015-11-03 01:52:03,2015-11-03,01:52:03,29.42989111,-98.48699646,"NWS confirms tornado in Floresville, winds reached 120 mph: The National Weather Service has determined it was in https://t.co/97kjgjqq3n"
IEMBot JAN,661347953500536833,2015-11-03 01:03:34,2015-11-03,01:03:34,31.17,-89.97,"At 4:27 PM, 3 SE Kokomo [Marion Co, MS] NWS STORM SURVEY reports TORNADO #JAN https://t.co/nZEpE9LQlp"
Houston Press,661344178979209216,2015-11-03 00:48:34,2015-11-03,00:48:34,29.75523769,-95.3618441,"Cleanup continues in La Porte after weekend storms, tornado: Many of the homes are using giant blue tarps as https://t.co/0jqjnJIv22"
 ,661342262094245888,2015-11-03 00:40:57,2015-11-03,00:40:57,39.74,-121.835,"-In rolled the Thunderstorm and Tornado Warning-  @ Chico, California https://t.co/4fBpNeFvgo"
Ewerton Neri,661329766172102656,2015-11-02 23:51:17,2015-11-02,23:51:17,-9.96881936,-67.81580027,Tudo comeou por necessidade. Hoje o ciclismo tem se tornado uma paixo.  14km s pra no ficar https://t.co/Lh0zHH7bFa
caamila ,661325596857905156,2015-11-02 23:34:43,2015-11-02,23:34:43,-32.9490155,-60.6457703,Pasa como una brisa y revoluciona como un tornado
Sito Elmardi,661320099077496832,2015-11-02 23:12:53,2015-11-02,23:12:53,15.5748676,32.5425648,"Dear Tornado, thanks for helping me with my paper.Im done now,so could you stop boosting my energy. I really need to sleep  :)"
IEMBot LIX,661307751750959104,2015-11-02 22:23:49,2015-11-02,22:23:49,30.71,-89.47,"At 5:42 PM, 10 SSE Poplarville [Pearl River Co, MS] NWS STORM SURVEY reports TORNADO of EF1 #LIX https://t.co/6NK7ROA80p"
NWS Atlanta,661305662694027264,2015-11-02 22:15:31,2015-11-02,22:15:31,32.08541282,-82.424603,"Tornado Warning including Santa Claus GA, Uvalda GA, Alston GA until 5:45 PM EST https://t.co/gANSEcH5I7"
NWS Tornado Warnings,661305650866089984,2015-11-02 22:15:28,2015-11-02,22:15:28,32.08541282,-82.424603,"Tornado Warning including Santa Claus GA, Uvalda GA, Alston GA until 5:45 PM EST https://t.co/O8BZ9LQcil"
IEMBot EWX,661303093485637632,2015-11-02 22:05:18,2015-11-02,22:05:18,29.76,-97.98,"At 8:28 AM, 1 NW Zorn [Guadalupe Co, TX] NWS STORM SURVEY reports TORNADO #EWX https://t.co/eQuQNpQ9eb"
only_vegas,661302015113469952,2015-11-02 22:01:01,2015-11-02,22:01:01,56.6331,47.8833,"#today #HARIBO 
    ??)     6 (  )    https://t.co/GmRduF2Lqv"
NWS Atlanta,661301826289963008,2015-11-02 22:00:16,2015-11-02,22:00:16,32.06126276,-82.47841211,"Tornado Warning including Santa Claus GA, Uvalda GA, Alston GA until 5:45 PM EST https://t.co/95qa4Kt6qZ"
NWS Tornado Warnings,661301816236224512,2015-11-02 22:00:14,2015-11-02,22:00:14,32.06126276,-82.47841211,"Tornado Warning including Santa Claus GA, Uvalda GA, Alston GA until 5:45 PM EST https://t.co/KVkqQAGMXW"
IEMBot EWX,661300279724257281,2015-11-02 21:54:07,2015-11-02,21:54:07,29.13,-98.16,"At 7:02 AM, 1 S Floresville [Wilson Co, TX] NWS STORM SURVEY reports TORNADO #EWX https://t.co/e8zQB7wcxx"
NWS Atlanta,661293658327531520,2015-11-02 21:27:49,2015-11-02,21:27:49,31.97220507,-82.78728444,"Tornado Warning including Lumber City GA, Workmore GA, Jordan GA until 5:00 PM EST https://t.co/ZUi4ChmNXw"
NWS Tornado Warnings,661293649347477504,2015-11-02 21:27:46,2015-11-02,21:27:46,31.97220507,-82.78728444,"Tornado Warning including Lumber City GA, Workmore GA, Jordan GA until 5:00 PM EST https://t.co/g3EeY4qqgb"
NWS Atlanta,661289595741409280,2015-11-02 21:11:40,2015-11-02,21:11:40,31.9249283,-82.9926232,"Tornado Warning including China Hill GA, Workmore GA, Temperance GA until 4:30 PM EST https://t.co/HHhlejZrsL"
NWS Tornado Warnings,661289588086845440,2015-11-02 21:11:38,2015-11-02,21:11:38,31.9249283,-82.9926232,"Tornado Warning including China Hill GA, Workmore GA, Temperance GA until 4:30 PM EST https://t.co/piMx9xgFUA"
IEMBot LIX,661288624676212736,2015-11-02 21:07:48,2015-11-02,21:07:48,30.71,-89.47,"At 5:23 PM, 10 SSE Poplarville [Pearl River Co, MS] NWS STORM SURVEY reports TORNADO of EF1 #LIX https://t.co/kaTjmbujfz"
Cherokee HS Warriors,661287927515758592,2015-11-02 21:05:02,2015-11-02,21:05:02,34.23376007,-84.50052344,CHS will participate in a statewide tornado drill on Wednesday November 4th at 9:00am
NWS Atlanta,661286986402009089,2015-11-02 21:01:18,2015-11-02,21:01:18,31.9301117,-83.01968928,"Tornado Warning including Milan GA, China Hill GA, Workmore GA until 4:30 PM EST https://t.co/uHP04nzOr0"
NWS Tornado Warnings,661286978269282305,2015-11-02 21:01:16,2015-11-02,21:01:16,31.9301117,-83.01968928,"Tornado Warning including Milan GA, China Hill GA, Workmore GA until 4:30 PM EST https://t.co/UC1KsQ7gM6"
NWS Tornado Warnings,661286916692701184,2015-11-02 21:01:01,2015-11-02,21:01:01,31.80381631,-83.18611804,"Tornado Warning including Bowens Mill GA, Queensland GA until 4:15 PM EST https://t.co/zZDLufl5Ui"
Oswin Gallas,661286610558959617,2015-11-02 20:59:48,2015-11-02,20:59:48,-27.07164433,-55.62375923,"Tornado (@ Hipermercado Colonias Unidas in Obligado, Departamento de Itapa) https://t.co/dcshX48Ipp"
Hassan Al-obidly,661279616951296000,2015-11-02 20:32:01,2015-11-02,20:32:01,25.31916667,51.52777778,@ Tornado Tower https://t.co/0UjcNN75fg
IEMBot EWX,661272954710331392,2015-11-02 20:05:32,2015-11-02,20:05:32,29.33,-99.29,"At 5:00 AM, 1 WSW D'Hanis [Medina Co, TX] NWS STORM SURVEY reports TORNADO #EWX https://t.co/WQdFg61qnR"
IEMBot EWX,661272129329979392,2015-11-02 20:02:16,2015-11-02,20:02:16,29.62,-97.98,"At 8:11 AM, 3 SSW Geronimo [Guadalupe Co, TX] NWS STORM SURVEY reports TORNADO #EWX https://t.co/bynIZpNY7J"
IEMBot JAN,661271178376404992,2015-11-02 19:58:29,2015-11-02,19:58:29,31.28,-89.36,"At 5:24 PM, 4 SW Hattiesburg [Lamar Co, MS] NWS STORM SURVEY reports TORNADO #JAN https://t.co/0amUPCFqps"
Houston Press,661268359359520768,2015-11-02 19:47:17,2015-11-02,19:47:17,29.75523769,-95.3618441,Tornado tears home 30 years after couple built it: Pieces of roof and rock lay strewn around David McCullough's https://t.co/nJGtEMYvUZ
Stigmabase | BR,661260918773301248,2015-11-02 19:17:43,2015-11-02,19:17:43,-22.44918576,-49.02265625,"#Stigmabase | BR -  Perrie Edwards revelou que se pode ter tornado homossexual, aps noivado com Zayn Malik - https://t.co/01XvQw8FOK"
Lolo,661254655255691265,2015-11-02 18:52:49,2015-11-02,18:52:49,51.13576022,4.44343201,I'm at Pizza Tornado in Kontich https://t.co/jZfJZ1vl26
The Yeti,661253868085489664,2015-11-02 18:49:42,2015-11-02,18:49:42,54.95367114,-2.68894223,"Tornado IPA, top-drawer stuff!Gets the #Asuka seal of approval.#craftbeer #Evangelion @WindsweptBeers https://t.co/olxaCkey2A"
taylor somerville,661253857276751872,2015-11-02 18:49:39,2015-11-02,18:49:39,39.55918595,-82.9471363,"CALL FEMA, a tornado is about to roll through ttown! Happy Hate Week! #GEAUX #leonardfornette #buga @ https://t.co/34wdJyLYm2"
NWS Tornado Warnings,661253200767356929,2015-11-02 18:47:03,2015-11-02,18:47:03,31.87487618,-84.09016096,"Tornado Warning including Chokee GA, Scrutchins GA until 2:00 PM EST https://t.co/dF9HleKkXe"
Loren Cole,661252546703552516,2015-11-02 18:44:27,2015-11-02,18:44:27,35.67651293,-105.94953941,"""Her love's like tornado weather""
-- Hayes Carll #dayoff @ SantaFe, NM https://t.co/iMoywAzY78"
Syan Rhodes,661249911258673152,2015-11-02 18:33:58,2015-11-02,18:33:58,29.5342102,-95.2071322,Cleanup continues in Friendswood after Saturday's tornado. At 5 on @KPRC2 the warning police have for residents. https://t.co/M23jujIxNJ
NWS Tornado Warnings,661249736662347776,2015-11-02 18:33:17,2015-11-02,18:33:17,31.8577372,-84.12287639,"Tornado Warning including Chokee GA, Neyami GA, Scrutchins GA until 2:00 PM EST https://t.co/u1rJMSVSUB"
NWS Tornado Warnings,661243495848349696,2015-11-02 18:08:29,2015-11-02,18:08:29,31.19676281,-84.77951871,"Tornado Warning including Colquitt GA, Damascus GA, Harmony Church Rd/Hwy 45 GA until 1:45 PM EST https://t.co/4LJhgH2i8u"
IEMBot TAE,661241683619680256,2015-11-02 18:01:17,2015-11-02,18:01:17,30.59,-85.52,"At 12:00 PM, 4 SSW Gilberts Mill [Washington Co, FL] EMERGENCY MNGR reports TORNADO #TAE https://t.co/IjLCDDs1dg"
DTB & CDRB= B4L,661240733030944768,2015-11-02 17:57:30,2015-11-02,17:57:30,44.556525,-123.2826453,Its a tornado back home!
NWS Tornado Warnings,661238261877071872,2015-11-02 17:47:41,2015-11-02,17:47:41,31.63765821,-84.46756182,"Tornado Warning including Sasser GA, Chickasawhatchee GA, Clarks Mill GA until 1:15 PM EST https://t.co/3JCbbFYFlH"
Stigmabase | UN,661234937912098816,2015-11-02 17:34:29,2015-11-02,17:34:29,-23.4922664,-46.66113496,"#Egaylity -  Perrie Edwards revelou que se pode ter tornado homossexual, aps noivado com Zayn Malik - Perrie https://t.co/9oQSIYBUac"
Stigmabase | BR,661234838536499201,2015-11-02 17:34:05,2015-11-02,17:34:05,-23.4922664,-46.66113496,"EGAYLiTY : #Egaylity -  Perrie Edwards revelou que se pode ter tornado homossexual, aps noivado com Zayn Malik - https://t.co/toNHHNhmcy"
H  A  I  D  E  R,661230813615431680,2015-11-02 17:18:05,2015-11-02,17:18:05,24.86,67.01,8: tornado of dreadful thoughts gripped my heart and paralysing trepidation hit me as I rushed to the hospital. My #KURejectsIJT
IEMBot TAE,661230224504320000,2015-11-02 17:15:45,2015-11-02,17:15:45,30.59,-85.51,"At 12:00 PM, 3 SSW Gilberts Mill [Washington Co, FL] EMERGENCY MNGR reports TORNADO #TAE https://t.co/IjLCDDs1dg"
NWS Tornado Warnings,661225713740066820,2015-11-02 16:57:49,2015-11-02,16:57:49,30.61957411,-85.48127847,"Tornado Warning including Round Lake FL, Ridgetop FL, Gilberts Mill FL until 11:30 AM CST https://t.co/eKLlXR9qGN"
IEMBot TAE,661203621820788736,2015-11-02 15:30:02,2015-11-02,15:30:02,30.99,-84.23,"At 3:45 PM, 1 S Elpino [Grady Co, GA] BROADCAST MEDIA reports TORNADO of EF0 #TAE https://t.co/bWCAarnsth"
IEMBot TAE,661203621694935040,2015-11-02 15:30:02,2015-11-02,15:30:02,31.22,-83.98,"At 4:43 PM, WNW Hartsfield [Colquitt Co, GA] BROADCAST MEDIA reports TORNADO of EF0 #TAE https://t.co/fuLpAiN6BS"
 ,661181079823343616,2015-11-02 14:00:28,2015-11-02,14:00:28,34.2333,-3.36667,"A small Sand tornado in the highway .....
#sand #tornado #cloudy day #cloudysky @ Guercif https://t.co/dDz3P0Cprw"
Asim Baluch,661175886935298058,2015-11-02 13:39:50,2015-11-02,13:39:50,26.6667,68,"Mini tornado at Moro , sindh . 

#Tornado #weather #Sindh #Moro #trip #way #traveling #Fun #family https://t.co/T3JMyaLsDS"
IEMBot HGX,661175622249525249,2015-11-02 13:38:47,2015-11-02,13:38:47,29.63,-95.11,"At 6:50 AM, 3 SE Pasadena [Harris Co, T] NWS STORM SURVEY reports TORNADO #HGX https://t.co/42LykWhDKu"
IEMBot HGX,661175622199148544,2015-11-02 13:38:47,2015-11-02,13:38:47,29.83,-95.06,"At 8:03 AM, 3 S Barrett [Harris Co, T] NWS STORM SURVEY reports TORNADO #HGX https://t.co/Yz9IoNG7I6"
IEMBot HGX,661175622186614786,2015-11-02 13:38:47,2015-11-02,13:38:47,29.48,-95.26,"At 6:21 AM, 3 NNW Alvin [Brazoria Co, T] NWS STORM SURVEY reports TORNADO #HGX https://t.co/EezqHTj0ON"
IEMBot HGX,661175622182436864,2015-11-02 13:38:47,2015-11-02,13:38:47,29.53,-95.22,"At 6:25 AM, 2 NW Friendswood [Galveston Co, T] NWS STORM SURVEY reports TORNADO #HGX https://t.co/gHWO1NZd7p"
IEMBot HGX,661175622182416384,2015-11-02 13:38:47,2015-11-02,13:38:47,29.17,-95.43,"At 5:17 AM, Angleton [Brazoria Co, T] NWS STORM SURVEY reports TORNADO #HGX https://t.co/LKG7kOglIA"
IEMBot HGX,661175622173986816,2015-11-02 13:38:47,2015-11-02,13:38:47,29.23,-95.35,"At 5:27 AM, Danbury [Brazoria Co, T] NWS STORM SURVEY reports TORNADO #HGX https://t.co/pLTqiVFWwJ"
Emre Aa,661162514533756928,2015-11-02 12:46:41,2015-11-02,12:46:41,41.0747279,28.92356564,I'm at @VialandIstanbul in stanbul https://t.co/gGEkbCZqLU
Zeyad E. Serag,661136540899237888,2015-11-02 11:03:29,2015-11-02,11:03:29,29.96632981,31.05918605,#selfie #tb #friend #follow4follow #happy #like4like #braces #l4l #f4f #picoftheday #tornado #bff https://t.co/RWB4tLefeJ
Ronnie Lyon,661113700187795456,2015-11-02 09:32:43,2015-11-02,09:32:43,34.0404015,-118.259079,@luchavavoom Tornado de Hula #hulahoop #luchavavoom2015 #luchavavoom #themayan #dtla #ronlyonphoto https://t.co/NLKDkLk69y
,661086512096808960,2015-11-02 07:44:41,2015-11-02,07:44:41,34.967096,135.772691,#nowplaying  -  (2015 mix) / Best of Tornado https://t.co/SGfQTUTF8G
Edgars,661082739978936320,2015-11-02 07:29:42,2015-11-02,07:29:42,56.9989849,24.1067265,"Kas mani notur Latvij?
Mlestba pret dzimteni un noteikti tas ,ka Te nav ne Tornado,ne vulknu un indgu dzvnieku..."
asc,661063117309218817,2015-11-02 06:11:43,2015-11-02,06:11:43,-6.1232,106.83051,"Tornado mannn
Yang ga naek cemenn (with Putri Arum and sheilla marissa at @1jabodetabek) [pic]  https://t.co/dt8BXxhjSS"
only_vegas,661042922788364289,2015-11-02 04:51:29,2015-11-02,04:51:29,56.6331,47.8833,")       6 

#morning #monday #yoshkarola https://t.co/Cv7rljH6RQ"
littlest love bakery,661032597548478467,2015-11-02 04:10:27,2015-11-02,04:10:27,36.1822586,-86.7485123,Most days I'm so busy I think he thinks I'm a tornado of movements. Today we all slowed down together https://t.co/lZ3BLaHNIz
IEMBot TAE,661027217447583744,2015-11-02 03:49:04,2015-11-02,03:49:04,31,-84.23,"At 3:45 PM, Elpino [Grady Co, GA] BROADCAST MEDIA reports TORNADO #TAE https://t.co/bWCAarnsth"
IEMBot TAE,661027217418260480,2015-11-02 03:49:04,2015-11-02,03:49:04,31.22,-83.98,"At 4:43 PM, WNW Hartsfield [Colquitt Co, GA] BROADCAST MEDIA reports TORNADO #TAE https://t.co/fuLpAiN6BS"
felicidades  todos,661018967373422593,2015-11-02 03:16:17,2015-11-02,03:16:17,-26.94878955,-48.6326683,"Tiago 2:10 ""quem observar todas as leis e der um passo em falso num s ponto tm se tornado ofensor em todos os outros""."
Luciana  4N-M11CHKB,661007158054510593,2015-11-02 02:29:22,2015-11-02,02:29:22,-34.5113548,-58.72147995,La mejor de toditas todas  @ Tornado Jc Paz https://t.co/uFDFBBkDD3
Elif Sare olak,660988591926046720,2015-11-02 01:15:35,2015-11-02,01:15:35,40.88945622,29.18524639,Hayat sevince guzeel (@ Tornado Bar Club) https://t.co/J58MzNkkrD
Alcyone Andrade,660983703905181696,2015-11-02 00:56:10,2015-11-02,00:56:10,-6.520827,-38.412737,"I'm at Tornado in Uirana, PB https://t.co/MvTJ1grIj9"
IEMBot LCH,660983615862390784,2015-11-02 00:55:49,2015-11-02,00:55:49,31.1,-92.76,"At 11:23 AM, 3 S Hineston [Rapides Co, LA] NWS STORM SURVEY reports TORNADO of EF1 #LCH https://t.co/My7bvH4wBu"
IEMBot LCH,660977322372104193,2015-11-02 00:30:48,2015-11-02,00:30:48,30.89,-93.12,"At 7:41 AM, 7 WNW Sugartown [Vernon Co, LA] NWS STORM SURVEY reports TORNADO of EF1 #LCH https://t.co/SbjCLz87zP"
NWS Tornado Warnings,660972145283956736,2015-11-02 00:10:14,2015-11-02,00:10:14,30.37006515,-86.17859701,"Tornado Warning including Port Washington FL, Sandestin FL, Bunker FL until 6:45 PM CST https://t.co/6Z4snBaplg"
Savage Picasso,660969659789787136,2015-11-02 00:00:21,2015-11-02,00:00:21,31.2856809,-92.4538727,Lol kush tornado
Danielle Herzlich,660950107714490368,2015-11-01 22:42:40,2015-11-01,22:42:40,29.94338273,-90.07554878,The things I do to watch my husband work. Add forging a hurricane/torrential downpour/tornado dressed https://t.co/aE51OKNQR9
IEMBot LIX,660949015194812416,2015-11-01 22:38:19,2015-11-01,22:38:19,30.58,-90.42,"At 4:07 PM, 4 E Tickfaw [Tangipahoa Co, LA] NWS STORM SURVEY reports TORNADO of EF0 #LIX https://t.co/VavdkTvXkc"
IEMBot LIX,660949015186378756,2015-11-01 22:38:19,2015-11-01,22:38:19,30.67,-89.66,"At 5:23 PM, 1 W Mcneil [Pearl River Co, MS] FIRE DEPT/RESCUE reports TORNADO #LIX https://t.co/kaTjmbujfz"
IEMBot LIX,660949015182184448,2015-11-01 22:38:19,2015-11-01,22:38:19,30.58,-90.33,"At 4:15 PM, 9 E Tickfaw [Tangipahoa Co, LA] NWS STORM SURVEY reports TORNADO of EF0 #LIX https://t.co/RMMOiVxcwP"
IEMBot LIX,660949015085780993,2015-11-01 22:38:19,2015-11-01,22:38:19,30.5,-90.64,"At 1:23 PM, 6 E Livingston [Livingston Co, LA] NWS STORM SURVEY reports TORNADO of EF1 #LIX https://t.co/PQlC9NCFX8"
NWS Tornado Warnings,660930773604634628,2015-11-01 21:25:50,2015-11-01,21:25:50,31.22095927,-83.97952322,"Tornado Warning including Doerun GA, Sale City GA, Cotton GA until 5:00 PM EST https://t.co/imVTl83koL"
Reinaldo Mascarenhas,660923108421976064,2015-11-01 20:55:23,2015-11-01,20:55:23,-19.90317273,-43.94363233,"""Somos todos Ventos...Rei Tufo, Brisa, Minuano, Tornado e Aura. Somos da provncia de https://t.co/cA1PaUQnYo"
swellionaire,660916657012015110,2015-11-01 20:29:44,2015-11-01,20:29:44,40.79651283,-73.94997931,"TORNADO SIGHTING, MILE 23 LOOKING STRONG!!! #tornadodube #hotlinetory #novemberproject https://t.co/sxon94h0mr"
Param Shah,660879027150942209,2015-11-01 18:00:13,2015-11-01,18:00:13,19.07112233,72.86962286,Potato Tornado @ Lil flea Market Mumbai BKC https://t.co/lfP5lAdq1c
Vincy,660862814316179456,2015-11-01 16:55:47,2015-11-01,16:55:47,48.89020695,2.37012112,Ascension. La tornade d'#AnishKapoor #tornado #twister #art #folliacontinua #video #paris #exposition https://t.co/JdXuIK74SS
nexcysinaga28,660851331331137536,2015-11-01 16:10:10,2015-11-01,16:10:10,-6.12259969,106.83332716,"Tornado ...  @ DUFAN, Taman Impian Jaya Ancol, Jakarta. https://t.co/RcJ1Uiuur8"
Juana,660841300716048384,2015-11-01 15:30:18,2015-11-01,15:30:18,-36.0950439,-57.81261,Parece que un tornado paso por mi pieza
radyo arkent,660829824483794944,2015-11-01 14:44:42,2015-11-01,14:44:42,39.420721,26.807174,"#nowplaying ""Jnsi - Tornado"" on https://t.co/lyVXgaY742"
Houston Press,660829691826180097,2015-11-01 14:44:10,2015-11-01,14:44:10,29.75523769,-95.3618441,La Porte residents cleanup after tornado damages at least 70 homes: A massive cleanup in La Porte will continue https://t.co/iFwJMbRZkd
Teresa Morris,660828946959855616,2015-11-01 14:41:13,2015-11-01,14:41:13,37.69931422,-123.01185151,"https://t.co/phHnQYpiAO Tornado in Washington,IL - This is what a father and his daughter experienced on the 17 Nov 2013."
Denny AJD,660823572051419146,2015-11-01 14:19:51,2015-11-01,14:19:51,-6.23023982,106.85152371,"This what i call TORNADO Paradiddle. ROCK ON!!!

#DennyAJD #drum #drummer #OSTINATO #paradiddle https://t.co/Ck6hXRqEOq"
Lavinea Lost,660810613170544640,2015-11-01 13:28:22,2015-11-01,13:28:22,-10.9371945,-37.1152414,"@kaiser67_ aguentando minhas chatices e minhas insanidades, agradeo principalmente por ter se tornado essencial na minha vida Milena,"
The Poetry Club,660810051280437248,2015-11-01 13:26:08,2015-11-01,13:26:08,55.8645515,-4.2997398,"#Repost @tackychurches

graham bell tornado healing the World bAnk tHru hysteric ritual @ The https://t.co/JtW0c37cmc"
rocio,660808344903540736,2015-11-01 13:19:21,2015-11-01,13:19:21,-34.5060517,-58.5809536,ojala algun da se de cuenta d quien lo quiere posttta y lo valora.. ese dia se viene alto tornado terremoto todo junto
Abib,660789044683497472,2015-11-01 12:02:39,2015-11-01,12:02:39,-6.21137,107.02032,"Tks bosku :))) .
Es Black Tornado nya mancep (with Azka and Pocay at Kedai Kopi Bakar Buun Koeffie)  https://t.co/0Pz0tVZY7H"
Makayla Jean.,660776618000969728,2015-11-01 11:13:17,2015-11-01,11:13:17,37.64216108,-92.64442835,I have the heat on and the fan on in my room. There's going to be a tornado in my room. 
Andy Thorne,660759340475883520,2015-11-01 10:04:37,2015-11-01,10:04:37,53.92577666,-0.96600228,Tornado @ Yorkshire Air Museum https://t.co/fLXEXdJcCy
  ,660732074236780544,2015-11-01 08:16:16,2015-11-01,08:16:16,29.36553452,47.97670374,".  . 
#chapala #storm #weather #oman #yemen #tornado https://t.co/f0EQcuQmPU"
RiskaAmelyaBerliana,660731091536314368,2015-11-01 08:12:22,2015-11-01,08:12:22,-6.12269,106.83284,At Dufan wanaha Tornado  https://t.co/hRZZke4IXM
yammi,660717927902142464,2015-11-01 07:20:04,2015-11-01,07:20:04,-34.50024757,-58.74961913,#trula #trulala #tornado @ El Tornado Oficial https://t.co/ZQ0NTsz62R
Jasper,660709581497102336,2015-11-01 06:46:54,2015-11-01,06:46:54,-34.4333,150.883,"Storm hitting Wollongong pt: 2

Looks like my phone got hit by a tornado... https://t.co/bhx09qbE6E"
N I A,660679842166214656,2015-11-01 04:48:43,2015-11-01,04:48:43,-6.12315,106.83563,Tornado..... aaaaaaaaaaa (at Dunia Fantasi (DUFAN)) [pic]  https://t.co/QS2g7yCHKB
Luciana  4N-M11CHKB,660677694867251204,2015-11-01 04:40:11,2015-11-01,04:40:11,-34.51053882,-58.72713719,Los ngeles de Reimon! Tornado y trula  @ Tornado Bailable https://t.co/fcSdycWudw
syifa khairunnisa,660663927064403968,2015-11-01 03:45:29,2015-11-01,03:45:29,-6.12455365,106.83187943,#tornado #dufan #latepost  @ DuFan (Dunia Fantasii) - Taman Impian Jaya Ancol https://t.co/akwigBIpSp
yammi,660643857827291137,2015-11-01 02:25:44,2015-11-01,02:25:44,-34.4258,-58.5967,"tornadoooooooooooo  #trula #tornado @ Tigre, Buenos Aires https://t.co/J7oxfGUUbQ"
Paul Burger,660640487053897728,2015-11-01 02:12:20,2015-11-01,02:12:20,40.67674936,-73.98019736,This is @leafdanielle reporting live from Tornado alley for CNN. Stay https://t.co/7zmlf0fE47
Ashley Anderson,660639584053661697,2015-11-01 02:08:45,2015-11-01,02:08:45,30.26560052,-85.98624128,"Happy Halloween from PCB  spending our first night in Florida with a tornado warning but hey, at https://t.co/SqsnQiUvdX"
Jeffrey George,660638907231399937,2015-11-01 02:06:04,2015-11-01,02:06:04,31.3279247,-89.332077,"After 5 hours, 1 tornado delay, and 6 wins the Golden Eagles are finally Bowl Eligible! #SMTTT @ The https://t.co/RPga3wrHiu"
Houston Press,660638725567737856,2015-11-01 02:05:20,2015-11-01,02:05:20,29.75523769,-95.3618441,Homes damaged after tornado rips through Friendswood: One of the homes damaged in the tornado had its roof torn off https://t.co/LOJiN0Uwdj
 * shayne * ,660625890766798848,2015-11-01 01:14:20,2015-11-01,01:14:20,14.2821825,121.1380808,"""@CoryMonteith: oh. IT'S A SHARK TORNADO."" OMG CORY'S LAST TWEET "
NWS Tornado Warnings,660603178786811904,2015-10-31 23:44:05,2015-10-31,23:44:05,30.81330506,-88.51775479,"Tornado Warning including Movella MS, Shipman MS, Agricola MS until 7:15 PM CDT https://t.co/hqHaBZU9TO"
NWS Tornado Warnings,660599991157723137,2015-10-31 23:31:25,2015-10-31,23:31:25,30.80947003,-88.53053111,"Tornado Warning including Movella MS, Shipman MS, Agricola MS until 7:15 PM CDT https://t.co/Adwp3LJBZz"
IEMBot LIX,660599653587550208,2015-10-31 23:30:05,2015-10-31,23:30:05,30.59,-90.38,"At 3:11 PM, 8 ESE Independence [Tangipahoa Co, LA] EMERGENCY MNGR reports TORNADO #LIX https://t.co/XpHX2HaddY"
IEMBot LIX,660582474959851520,2015-10-31 22:21:49,2015-10-31,22:21:49,30.72,-89.48,"At 4:45 PM, 10 ENE Mcneil [Pearl River Co, MS] EMERGENCY MNGR reports TORNADO #LIX https://t.co/Mcc199XkLt"
NWS Tornado Warnings,660579912835686400,2015-10-31 22:11:38,2015-10-31,22:11:38,31.75637196,-88.57248012,"Tornado Warning including Waynesboro MS, Silas AL, Woodwards MS until 6:00 PM CDT https://t.co/Fl7rYF7Dyt"
IEMBot LIX,660579801695043584,2015-10-31 22:11:12,2015-10-31,22:11:12,30.67,-89.66,"At 4:23 PM, 1 W Mcneil [Pearl River Co, MS] FIRE DEPT/RESCUE reports TORNADO #LIX https://t.co/CQC76Qn1NW"
Rosa L Montgomery,660578184115580928,2015-10-31 22:04:46,2015-10-31,22:04:46,31.6859271,-89.1609636,"""@wdam: #UPDATE 
Tornado warning CANCELED for parts of Jones County"" @DelyseMoJo712"
NWS Tornado Warnings,660578162380705792,2015-10-31 22:04:41,2015-10-31,22:04:41,31.73929215,-88.60230579,"Tornado Warning including Waynesboro MS, Silas AL, Woodwards MS until 6:00 PM CDT https://t.co/LggJWcv26u"
Mike Wilhelm,660577980704555009,2015-10-31 22:03:58,2015-10-31,22:03:58,33.505773,-86.80239,"RT @NWSSPC: 5:02pm CDT #SPC_Watch WW 529 TORNADO AL FL CW 312200Z - 010300Z, https://t.co/3RNoRlFa8g https://t.co/9PwJgCdCtc"
IEMBot LIX,660577849984679936,2015-10-31 22:03:27,2015-10-31,22:03:27,30.67,-89.66,"At 12:26 PM, 1 W Mcneil [Pearl River Co, MS] FIRE DEPT/RESCUE reports TORNADO #LIX https://t.co/fGBb0Dvs9V"
Rosa L Montgomery,660576895520522240,2015-10-31 21:59:39,2015-10-31,21:59:39,31.6834913,-89.1550939,"""@USMGoldenEagles: FB:Tornado Sirens have sounded. Severe weather in the Hattiesburg area. Fans, please be careful.#SMTTT"" @FansFavoriteFan"
Design Bear,660576633351335936,2015-10-31 21:58:36,2015-10-31,21:58:36,31.2966595,-89.3348999,Happy Halloween from Tornado alley! @ Nathan A. Martin Graphic Design https://t.co/yxciS1kaSX
Memphis CP,660576010287493120,2015-10-31 21:56:08,2015-10-31,21:56:08,35.14414333,-90.04617767,"Tornado warning issued for Pearl River Co.: 45 p.m. We have no confirmation of a tornado, but radar data indicates https://t.co/xZtByo3ul1"
NWS Tornado Warnings,660573141719060480,2015-10-31 21:44:44,2015-10-31,21:44:44,30.7521874,-89.4243717,"Tornado Warning including Pearl River County, MS until 5:15 PM CDT https://t.co/dRJv5gZNWK"
NWS Tornado Warnings,660572410396041216,2015-10-31 21:41:50,2015-10-31,21:41:50,31.33614947,-89.19919323,"Tornado Warning including Forrest County, MS until 5:15 PM CDT https://t.co/xRZiBFFeDc"
NWS Tornado Warnings,660570896378126336,2015-10-31 21:35:49,2015-10-31,21:35:49,31.69505775,-89.09470271,"Tornado Warning including Laurel MS, Ellisville MS, Sandersville MS until 4:45 PM CDT https://t.co/82TaBQ6ypr"
NWS Tornado Warnings,660570130590466048,2015-10-31 21:32:46,2015-10-31,21:32:46,31.32657372,-89.25508145,"Tornado Warning including Hattiesburg MS, Petal MS until 5:15 PM CDT https://t.co/iBWXm4jUrC"
Kgomotso,660569583284301824,2015-10-31 21:30:36,2015-10-31,21:30:36,-26.2675224,27.8319471,We just experienced a tornado in Soweto few minutes ago.
Elrico Tunstall,660569582156046336,2015-10-31 21:30:35,2015-10-31,21:30:35,30.4028702,-88.8792725,In the green room with the Tornado of Worship  Dewayne Crocker Jr here in https://t.co/atlU8vc8YS
J-Woo ,660569035583655938,2015-10-31 21:28:25,2015-10-31,21:28:25,34.9716,-89.9533,"""@weatherchannel: Tornado Warning for Forrest and Lamar Counties in MS until 5:15 PM CDT https://t.co/DSiEJZN9HR"""
NWS Tornado Warnings,660568901227417600,2015-10-31 21:27:53,2015-10-31,21:27:53,30.68686944,-89.61801875,Tornado Warning including Mcneil MS until 4:45 PM CDT https://t.co/3Yz9eEfGA6
TroyLeeAdkins,660568853303402500,2015-10-31 21:27:42,2015-10-31,21:27:42,38.25475659,-82.29340166,@FOXSports there is a tornado warning in Hattiesburg
TroyLeeAdkins,660567815267753985,2015-10-31 21:23:34,2015-10-31,21:23:34,38.25475659,-82.29340166,@HerdNation @HerdFB say a prayer for @USMGoldenEagles they are under tornado warnings with sirens at the moment
NWS Tornado Warnings,660566834954051584,2015-10-31 21:19:40,2015-10-31,21:19:40,31.3148467,-89.31353679,"Tornado Warning including Hattiesburg MS, Petal MS, West Hattiesburg MS until 5:15 PM CDT https://t.co/OsxYV6e5ik"
NWS Tornado Warnings,660566189219811328,2015-10-31 21:17:06,2015-10-31,21:17:06,31.68274226,-89.16129303,"Tornado Warning including Laurel MS, Ellisville MS, Sandersville MS until 4:45 PM CDT https://t.co/IHTSiwdlh9"
NWS Tornado Warnings,660565453807349760,2015-10-31 21:14:11,2015-10-31,21:14:11,30.64479744,-89.66488041,Tornado Warning including Mcneil MS until 4:45 PM CDT https://t.co/95WPHjZzcL
NWS Tornado Warnings,660560487575240704,2015-10-31 20:54:27,2015-10-31,20:54:27,30.64804274,-89.93825021,"Tornado Warning including Bush LA, Sun LA until 4:00 PM CDT https://t.co/PGpJIEpU2w"
NWS Tornado Warnings,660557217234464769,2015-10-31 20:41:27,2015-10-31,20:41:27,31.33328245,-89.73772177,"Tornado Warning including Marion County, MS until 4:15 PM CDT https://t.co/DA9JB3xwDu"
NWS Tornado Warnings,660556816695214080,2015-10-31 20:39:52,2015-10-31,20:39:52,30.65099299,-90.01815643,"Tornado Warning including Enon LA, Folsom LA, Bush LA until 4:00 PM CDT https://t.co/WB26YKrM9y"
NWS Tornado Warnings,660555927683096576,2015-10-31 20:36:20,2015-10-31,20:36:20,31.30459362,-89.79505479,Tornado Warning including Columbia MS until 4:15 PM CDT https://t.co/lMvkmBwXed
NWS Tornado Warnings,660554240360714240,2015-10-31 20:29:38,2015-10-31,20:29:38,30.65099299,-90.01815643,"Tornado Warning including Enon LA, Folsom LA, Bush LA until 4:00 PM CDT https://t.co/MHpNJ3dRVw"
NWS Tornado Warnings,660549919938232320,2015-10-31 20:12:27,2015-10-31,20:12:27,31.28641012,-89.84178356,Tornado Warning including Columbia MS until 4:15 PM CDT https://t.co/Lus93IYUP2
NWS Tornado Warnings,660548334889754624,2015-10-31 20:06:10,2015-10-31,20:06:10,30.56787536,-90.36787418,"Tornado Warning including Robert LA, Tickfaw LA until 3:30 PM CDT https://t.co/dip7qNeu4n"
NWS Tornado Warnings,660546830950764544,2015-10-31 20:00:11,2015-10-31,20:00:11,31.12715369,-90.15545779,Tornado Warning including Tylertown MS until 3:15 PM CDT https://t.co/BqynViY3xm
Houston Press,660546169148276736,2015-10-31 19:57:33,2015-10-31,19:57:33,29.75523769,-95.3618441,"Officials: Tornado severely damages house in Friendswood: A house in Friendswood was severely damaged by a tornado, https://t.co/EkEG1NtMGT"
NWS Tornado Warnings,660545697037455360,2015-10-31 19:55:41,2015-10-31,19:55:41,31.12715369,-90.15545779,Tornado Warning including Tylertown MS until 3:15 PM CDT https://t.co/uwbuPnJSkY
Mouton Cove Weather,660544278079258624,2015-10-31 19:50:02,2015-10-31,19:50:02,29.875016,-92.218675,TORNADO WATCH 528 REMAINS VALID UNTIL 7 PM CDT THIS EVENING FOR THE FOLLOWING AREAS IN LOUISIANA THI... #lawx https://t.co/Tg47eA9TO4
Allan Martnez Rivas,660543387523809280,2015-10-31 19:46:30,2015-10-31,19:46:30,41.79100779,-87.5829184,"En un tornado en Chicago  @ Museum of Science and Industry, Chicago https://t.co/h97v7EikEH"
Allan Martnez Rivas,660543212990423040,2015-10-31 19:45:48,2015-10-31,19:45:48,41.79100779,-87.5829184,"En un tornado  @ Museum of Science and Industry, Chicago https://t.co/mG2WxPkVJh"
NWS Tornado Warnings,660540896539049984,2015-10-31 19:36:36,2015-10-31,19:36:36,31.12066707,-90.17060248,Tornado Warning including Tylertown MS until 3:15 PM CDT https://t.co/gv9cBViiT7
Tallahassee Trends,660538898469158912,2015-10-31 19:28:40,2015-10-31,19:28:40,30.4398,-84.2806,'Tornado Watch' appeared on Friday 30 at the 20th place in the Top20 of Tallahassee's Trends: https://t.co/wMg64ycSGG #trndnl
NWS Tornado Warnings,660537553506840576,2015-10-31 19:23:19,2015-10-31,19:23:19,30.80497395,-90.63204956,Tornado Warning including Greensburg LA until 2:45 PM CDT https://t.co/g3fsdGjkrx
NWS Tornado Warnings,660537416978051074,2015-10-31 19:22:47,2015-10-31,19:22:47,31.45088247,-90.26839047,Tornado Warning including Bogue Chitto MS until 3:00 PM CDT https://t.co/eKAWy5H2Ev
NWS Tornado Warnings,660536877775085568,2015-10-31 19:20:38,2015-10-31,19:20:38,31.30075765,-90.37007657,Tornado Warning including Summit MS until 2:30 PM CDT https://t.co/FCoownsA1B
NWS Tornado Warnings,660535428093603840,2015-10-31 19:14:52,2015-10-31,19:14:52,30.73106313,-90.76907888,"Tornado Warning including St. Helena Parish, LA until 2:30 PM CDT https://t.co/zcdIxdLM8U"
NWS Tornado Warnings,660534961460547585,2015-10-31 19:13:01,2015-10-31,19:13:01,31.44623019,-90.28523364,Tornado Warning including Bogue Chitto MS until 3:00 PM CDT https://t.co/nP93KUxygu
NWS Tornado Warnings,660533364131147776,2015-10-31 19:06:40,2015-10-31,19:06:40,31.26781022,-90.4641089,"Tornado Warning including Mccomb MS, Summit MS until 2:30 PM CDT https://t.co/Yy5MeRDzg9"
Christie Walters,660533079895891968,2015-10-31 19:05:33,2015-10-31,19:05:33,30.5339827,-88.7269436,Tornado watch? Yikes
NWS Tornado Warnings,660532810420064256,2015-10-31 19:04:28,2015-10-31,19:04:28,30.70981117,-90.79645125,"Tornado Warning including St. Helena Parish, LA until 2:30 PM CDT https://t.co/KWk00OYG1X"
IEMBot LIX,660532131878203393,2015-10-31 19:01:46,2015-10-31,19:01:46,30.57,-90.66,"At 12:26 PM, 7 NE Livingston [Livingston Co, LA] EMERGENCY MNGR reports TORNADO #LIX https://t.co/fGBb0Dvs9V"
NWS Tornado Warnings,660530632666181636,2015-10-31 18:55:49,2015-10-31,18:55:49,30.8645396,-90.42398123,"Tornado Warning including Amite LA, Roseland LA until 2:30 PM CDT https://t.co/IzT8WTXL5V"
NWS Tornado Warnings,660529559381499904,2015-10-31 18:51:33,2015-10-31,18:51:33,30.74484872,-90.45757606,Tornado Warning including Amite LA until 2:15 PM CDT https://t.co/cJqyTYxGAo
Mouton Cove Weather,660529178912034816,2015-10-31 18:50:02,2015-10-31,18:50:02,29.875016,-92.218675,TORNADO WATCH 528 IS IN EFFECT UNTIL 700 PM CDT FOR THE FOLLOWING LOCATIONS LA . LOUISIANA PARISHES ... #lawx https://t.co/Tg47eA9TO4
Renee Grudzien,660528760387686401,2015-10-31 18:48:23,2015-10-31,18:48:23,30.6547,-93.4122,#tornado hit the deer camp at the end of our road! #scary #storm https://t.co/eiRHum9SfI
NWS Tornado Warnings,660528484108800001,2015-10-31 18:47:17,2015-10-31,18:47:17,30.74243232,-89.9720715,"Tornado Warning including Washington Parish, LA until 2:15 PM CDT https://t.co/Rd62GwvsaV"
Dinjii Styling Co.,660527025522909184,2015-10-31 18:41:29,2015-10-31,18:41:29,29.71111111,-95.59638889,Me and. My sister witnessed the tornado with our own eyes . @abc13houston  showed up and interviewed https://t.co/7gzASCc6NW
IEMBot HGX,660526186427101184,2015-10-31 18:38:09,2015-10-31,18:38:09,29.48,-95.26,"At 4:58 AM, 3 NNW Alvin [Brazoria Co, TX] EMERGENCY MNGR reports TORNADO #HGX https://t.co/KkIftqdswU"
NWS Tornado Warnings,660525626336546816,2015-10-31 18:35:55,2015-10-31,18:35:55,30.70363544,-90.00909184,Tornado Warning including Enon LA until 2:15 PM CDT https://t.co/1KvR63v2YA
NWS Tornado Warnings,660525111938691072,2015-10-31 18:33:53,2015-10-31,18:33:53,31.47590548,-90.7754056,"Tornado Warning including Bude MS, Meadville MS until 1:45 PM CDT https://t.co/ceZHR4cgvT"
NWS Tornado Warnings,660525111133405184,2015-10-31 18:33:53,2015-10-31,18:33:53,30.69333331,-90.46229716,"Tornado Warning including Amite LA, Independence LA until 2:15 PM CDT https://t.co/3kMqKkUkUe"
CityLivn,660523428559101952,2015-10-31 18:27:11,2015-10-31,18:27:11,29.5125,-95.1979,"#friendswood #tornado @ Friendswood, Texas https://t.co/TRX3Oby8St"
NWS Tornado Warnings,660521995075907584,2015-10-31 18:21:30,2015-10-31,18:21:30,30.52721754,-90.65364337,"Tornado Warning including Livingston Parish, LA until 1:45 PM CDT https://t.co/X0ZxfLz6Y7"
NWS Tornado Warnings,660521918974418945,2015-10-31 18:21:12,2015-10-31,18:21:12,31.47973559,-90.83501886,"Tornado Warning including Bude MS, Meadville MS until 1:45 PM CDT https://t.co/w6gk2GLfs2"
only_vegas,660521158979153920,2015-10-31 18:18:10,2015-10-31,18:18:10,56.6331,47.8833,"#happy #Halloween 
Part 2

#goodnight #night #follow4follow #followme #likeforlikes https://t.co/OPepfR0Em5"
NWS Tornado Warnings,660519039836422144,2015-10-31 18:09:45,2015-10-31,18:09:45,31.4593476,-90.86147208,"Tornado Warning including Bude MS, Meadville MS until 1:45 PM CDT https://t.co/PSqE8cEaw5"
Kelly Strait,660517613429268480,2015-10-31 18:04:05,2015-10-31,18:04:05,29.491199,-98.464793,"Wasn't this high school hit by a tornado yesterday?
The show* must go on, I guess.
*show = Texas high https://t.co/w03sXTGYZX"
Natasha Borges,660516939974971393,2015-10-31 18:01:24,2015-10-31,18:01:24,-22.37537949,-42.93378891,"""No me foco em entender quem transforma uma leve brisa em um tornado, mais quem guarda em si, o que https://t.co/QWvJEWFwyH"
NWS Tornado Warnings,660515693310296065,2015-10-31 17:56:27,2015-10-31,17:56:27,31.45575822,-90.88908179,"Tornado Warning including Bude MS, Meadville MS until 1:45 PM CDT https://t.co/iBz350YpZ6"
NWS Tornado Warnings,660512705401323521,2015-10-31 17:44:35,2015-10-31,17:44:35,30.29335953,-90.84083961,"Tornado Warning including Ascension Parish, LA until 1:00 PM CDT https://t.co/Riv2OMOaHf"
only_vegas,660512446340333569,2015-10-31 17:43:33,2015-10-31,17:43:33,56.6331,47.8833,"#Happy #Halloween 
    

#goodnight #night #mood #tagsforlikes #followme #vsco https://t.co/qNVQuQlhNW"
NWS Tornado Warnings,660511665700474880,2015-10-31 17:40:27,2015-10-31,17:40:27,30.65404743,-91.63804162,"Tornado Warning including Livonia LA, Lottie LA, Morganza LA until 1:15 PM CDT https://t.co/juYq1QpHE8"
Treezie Playe,660510275523612672,2015-10-31 17:34:56,2015-10-31,17:34:56,18.5028,-67.0247,"Caught a tornado the day before I left P.R. to FL. @ Isabela, Puerto Rico https://t.co/8ZCFr7dRBp"
NWS Tornado Warnings,660508873720070147,2015-10-31 17:29:21,2015-10-31,17:29:21,30.25027902,-90.87097744,"Tornado Warning including Gonzales LA, Sorrento LA until 1:00 PM CDT https://t.co/yEGTrbIWLA"
NWS Tornado Warnings,660501242620186624,2015-10-31 16:59:02,2015-10-31,16:59:02,31.44873512,-91.79509618,Tornado Warning including Jonesville LA until 12:15 PM CDT https://t.co/vtbylMZ22F
NWS Tornado Warnings,660498809592541184,2015-10-31 16:49:22,2015-10-31,16:49:22,31.44873512,-91.79509618,Tornado Warning including Jonesville LA until 12:15 PM CDT https://t.co/x3Tqc6CIyJ
IEMBot LCH,660497707228774400,2015-10-31 16:44:59,2015-10-31,16:44:59,31.09,-92.76,"At 10:23 AM, 4 S Hineston [Rapides Co, LA] EMERGENCY MNGR reports TORNADO #LCH https://t.co/h8jCeihn40"
Houston Press,660494468060069889,2015-10-31 16:32:07,2015-10-31,16:32:07,29.75523769,-95.3618441,"Media Release: City of Houston Activates Emergency Operations Center in Response to Flooding, Tornado threat: https://t.co/RZpyEy4zlE"
Dinjii Styling Co.,660491654084825088,2015-10-31 16:20:56,2015-10-31,16:20:56,29.7629,-95.3832,"More pics from tornado. #blogger #houston #badweather @ Houston, Texas https://t.co/WvkeWVPxkb"
Dinjii Styling Co.,660491431677661185,2015-10-31 16:20:03,2015-10-31,16:20:03,29.7629,-95.3832,The tornado sounded like a freight train . #SavedbyHisGrace #blogger #houston #abc13 #kprc2 @ https://t.co/IsZWKvL1dF
Dinjii Styling Co.,660486884582432768,2015-10-31 16:01:59,2015-10-31,16:01:59,29.7629,-95.3832,Just some of the damage from the tornado that hit us . #Channel13News #houston #godhasmecovered https://t.co/cJPgL8OUCJ
NWS Tornado Warnings,660482019072192513,2015-10-31 15:42:39,2015-10-31,15:42:39,31.12899999,-92.57962025,"Tornado Warning including Woodworth LA, Calcasieu LA until 11:00 AM CDT https://t.co/5OV4yCtS04"
Mouton Cove Weather,660481362172907520,2015-10-31 15:40:02,2015-10-31,15:40:02,29.875016,-92.218675,TORNADO WATCH 527 REMAINS VALID UNTIL 2 PM CDT THIS AFTERNOON FOR THE FOLLOWING AREAS IN LOUISIANA T... #lawx https://t.co/Tg47eA9TO4
NWS Tornado Warnings,660480735648722945,2015-10-31 15:37:33,2015-10-31,15:37:33,31.12899999,-92.57962025,"Tornado Warning including Woodworth LA, Calcasieu LA until 11:00 AM CDT https://t.co/8TUegvr8G6"
Nadia Kim  ^_^,660480326918098944,2015-10-31 15:35:55,2015-10-31,15:35:55,-6.27128398,106.97202656,"Hello #satnight  Tornado green tea  it's my style  @ Lotteria,grand galaxy city https://t.co/WJRhbrptK1"
Memphis CP,660480124882563073,2015-10-31 15:35:07,2015-10-31,15:35:07,35.14414333,-90.04617767,The Latest on Texas storms: 2 hurt in possible tornado: The latest on the strong storms buffeting Texas for a https://t.co/6rBiSbh9Sk
NWS Tornado Warnings,660479042726985728,2015-10-31 15:30:49,2015-10-31,15:30:49,31.12776417,-92.60165852,"Tornado Warning including Woodworth LA, Hineston LA, Union Hill LA until 11:00 AM CDT https://t.co/kBMAyMut74"
NWS Tornado Warnings,660478586848063488,2015-10-31 15:29:00,2015-10-31,15:29:00,31.12776417,-92.60165852,"Tornado Warning including Woodworth LA, Hineston LA, Union Hill LA until 11:00 AM CDT https://t.co/iO8cUE0jhr"
IEMBot HGX,660477878740512768,2015-10-31 15:26:12,2015-10-31,15:26:12,29.53,-95.22,"At 5:30 AM, 2 NW Friendswood [Galveston Co, TX] EMERGENCY MNGR reports TORNADO #HGX https://t.co/WET5rjFsAw"
A$AP CA$$,660477552356528128,2015-10-31 15:24:54,2015-10-31,15:24:54,29.051125,-95.44125001,Damn a tornado touched down in the farms last night. Glad I wasn't at my house 
Allen M.,660468507814006785,2015-10-31 14:48:57,2015-10-31,14:48:57,41.79100779,-87.5829184,Soccer was cancelled so we did the next best thing. @msichicago #tornado #HarvestThePower #family https://t.co/aiMZHo000m
Houston M. York,660467451746873345,2015-10-31 14:44:46,2015-10-31,14:44:46,29.538533,-95.189368,Clean up underway in Friendswood after tornado as more severe rain comes #houwx #txwx #HoustonFlood https://t.co/K9kJ5be13k
Spotter Network Inc,660462129330286592,2015-10-31 14:23:37,2015-10-31,14:23:37,30.7534,-93.5427,"Spotr 1 miles W of MERRYVILLE, LA @ 02:22PM UTC TOR&gt;-Rain wrapped tornado just east my location. Trees uprooted."
NWS Tornado Warnings,660459308077846528,2015-10-31 14:12:24,2015-10-31,14:12:24,31.02291157,-93.33969384,"Tornado Warning including Burr Ferry LA, Leesville LA, Fort Polk LA until 10:00 AM CDT https://t.co/eubsfOBTEw"
IEMBot HGX,660453352640155652,2015-10-31 13:48:44,2015-10-31,13:48:44,29.87,-95.06,"At 7:05 AM, Barrett [Harris Co, TX] CITY OFFICIAL reports TORNADO #HGX https://t.co/KoJwdlOmeq"
NWS Tornado Warnings,660453111215996928,2015-10-31 13:47:46,2015-10-31,13:47:46,30.87610999,-93.70506658,"Tornado Warning including Newton TX, Jamestown TX until 9:15 AM CDT https://t.co/vdSA4MRWUr"
NWS Tornado Warnings,660452954449666048,2015-10-31 13:47:09,2015-10-31,13:47:09,31.26653477,-92.88505183,"Tornado Warning including Boyce LA, Simpson LA, Lacamp LA until 9:30 AM CDT https://t.co/cj1K42XMij"
IEMBot HGX,660451068845776896,2015-10-31 13:39:40,2015-10-31,13:39:40,29.47,-95.21,"At 5:28 AM, 3 SSW Friendswood [Galveston Co, TX] BROADCAST MEDIA reports TORNADO #HGX https://t.co/AiMKDnJvPT"
IEMBot BRO,660451033919819776,2015-10-31 13:39:31,2015-10-31,13:39:31,26.37,-97.67,"At 6:38 AM, 1 S LOS Coyotes [Willacy Co, TX] PUBLIC reports TORNADO #BRO https://t.co/P5Y2A7xDBz"
Deejay Tadpole,660450942719033344,2015-10-31 13:39:09,2015-10-31,13:39:09,-25.7167,27.65,"#Mood @ Tornado, North-West, South Africa https://t.co/Tp1vvxb1KR"
NWS Tornado Warnings,660450777983401984,2015-10-31 13:38:30,2015-10-31,13:38:30,30.27829282,-94.84666751,"Tornado Warning including Liberty County, TX until 8:45 AM CDT https://t.co/jSmvxz1L08"
NWS Tornado Warnings,660445347441852416,2015-10-31 13:16:55,2015-10-31,13:16:55,30.25233268,-94.93533295,"Tornado Warning including Roman Forest TX, Plum Grove TX until 8:45 AM CDT https://t.co/ilgSEWahto"
IEMBot HGX,660442010420011008,2015-10-31 13:03:40,2015-10-31,13:03:40,29.83,-95.08,"At 7:03 AM, 2 NW Highlands [Harris Co, TX] COUNTY OFFICIAL reports TORNADO #HGX https://t.co/05zFEGd9yd"
JelangPilkada/GooneR,660442007882461185,2015-10-31 13:03:39,2015-10-31,13:03:39,-7.5688,110.79856,"Jadwal UCL midweek bsk kok blm muncul yaa""@gustavaulia: Tornado dong bung doyokk  https://t.co/IProSkYodq"""
IEMBot HGX,660438235877765120,2015-10-31 12:48:40,2015-10-31,12:48:40,29.51,-95.2,"At 5:30 AM, Friendswood [Galveston Co, TX] EMERGENCY MNGR reports TORNADO #HGX https://t.co/WET5rjFsAw"
Mouton Cove Weather,660436063928758272,2015-10-31 12:40:02,2015-10-31,12:40:02,29.875016,-92.218675,TORNADO WATCH 527 IS IN EFFECT UNTIL 200 PM CDT FOR THE FOLLOWING LOCATIONS LA . LOUISIANA PARISHES ... #lawx https://t.co/Tg47eA9TO4
NWS Tornado Warnings,660433245742366720,2015-10-31 12:28:50,2015-10-31,12:28:50,30.82373223,-93.31924554,"Tornado Warning including De Ridder LA, Merryville LA, Rosepine LA until 8:00 AM CDT https://t.co/sKECAbzkpd"
Tallahassee Trends,660433223017566212,2015-10-31 12:28:45,2015-10-31,12:28:45,30.4398,-84.2806,"On Friday 30, 'Tornado Watch' was Trending Topic in Tallahassee for 1 hours: https://t.co/wMg64ycSGG #trndnl"
NWS Tornado Warnings,660429401717272578,2015-10-31 12:13:34,2015-10-31,12:13:34,29.91314938,-94.965608,"Tornado Warning including Barrett TX, Crosby TX, Mont Belvieu TX until 7:30 AM CDT https://t.co/MKYngRhJoG"
NWS Tornado Warnings,660426828666945536,2015-10-31 12:03:20,2015-10-31,12:03:20,31.09228126,-92.93353819,Tornado Warning including Lacamp LA until 7:15 AM CDT https://t.co/PsQ21vBJOv
NWS Tornado Warnings,660424836892590080,2015-10-31 11:55:25,2015-10-31,11:55:25,29.86275399,-94.98353261,"Tornado Warning including Baytown TX, Deer Park TX, Channelview TX until 7:30 AM CDT https://t.co/ujJi0I5hWd"
NWS Tornado Warnings,660424547548598272,2015-10-31 11:54:16,2015-10-31,11:54:16,31.0554728,-92.95429333,Tornado Warning including Lacamp LA until 7:15 AM CDT https://t.co/04pn887b5U
NWS Tornado Warnings,660422519288000514,2015-10-31 11:46:13,2015-10-31,11:46:13,31.01482186,-92.99951683,"Tornado Warning including Lacamp LA, Pitkin LA until 7:15 AM CDT https://t.co/jg7AeMFg2b"
NWS Tornado Warnings,660422002956591104,2015-10-31 11:44:10,2015-10-31,11:44:10,31.01482186,-92.99951683,"Tornado Warning including Lacamp LA, Pitkin LA until 7:15 AM CDT https://t.co/7cssULLkBq"
T A M  ,660421816041627648,2015-10-31 11:43:25,2015-10-31,11:43:25,-6.1232,106.83189,Tornado with you  (at @1jabodetabek)  https://t.co/UCCkCKfh2I
Cool Breeze,660418797883510784,2015-10-31 11:31:26,2015-10-31,11:31:26,30.2672,-97.7639,"Tornado near Austin yesterday takes out one of our transmission towers!! @ Austin, Texas https://t.co/TsIHXMWvug"
NWS Tornado Warnings,660418183640121345,2015-10-31 11:28:59,2015-10-31,11:28:59,29.92245142,-94.86858796,"Tornado Warning including Mont Belvieu TX, Old River-Winfree TX until 6:45 AM CDT https://t.co/44tPagnWoe"
Freddy Mercury,660415854857842688,2015-10-31 11:19:44,2015-10-31,11:19:44,29.7686,-94.6791,"It's only a tornado warning.
#Texas @ Anahuac, Texas https://t.co/geREDikuCh"
NWS Tornado Warnings,660414897449099264,2015-10-31 11:15:56,2015-10-31,11:15:56,29.88453902,-94.902788,"Tornado Warning including Baytown TX, Mont Belvieu TX, Old River-Winfree TX until 6:45 AM CDT https://t.co/796tej8pg8"
ynnmedia - ynn.io,660413720938459140,2015-10-31 11:11:15,2015-10-31,11:11:15,36.20771502,-115.11680603,"Top link: Texas buffeted by rain, storms and suspected tornado near San Antonio - The Guardian https://t.co/cOWpCcbg8D"
NWS Tornado Warnings,660411291350122496,2015-10-31 11:01:36,2015-10-31,11:01:36,29.82830211,-95.00186289,"Tornado Warning including Baytown TX, La Porte TX, Deer Park TX until 6:15 AM CDT https://t.co/qmJhErLdZF"
NWS Tornado Warnings,660404849750577153,2015-10-31 10:36:00,2015-10-31,10:36:00,29.63974455,-95.14523081,"Tornado Warning including Pasadena TX, La Porte TX, Deer Park TX until 6:00 AM CDT https://t.co/5XDhPIrleV"
IEMBot HGX,660404765336014848,2015-10-31 10:35:40,2015-10-31,10:35:40,29.17,-95.43,"At 4:17 AM, Angleton [Brazoria Co, TX] PUBLIC reports TORNADO #HGX https://t.co/VZXkwSOD9p"
NWS Tornado Warnings,660404454559080448,2015-10-31 10:34:26,2015-10-31,10:34:26,30.37540801,-94.12553017,"Tornado Warning including Lumberton TX, Silsbee TX, Buna TX until 6:00 AM CDT https://t.co/YWIqCgMc78"
NWS Tornado Warnings,660403434227548160,2015-10-31 10:30:23,2015-10-31,10:30:23,29.8112884,-95.01859216,"Tornado Warning including Pasadena TX, Baytown TX, La Porte TX until 6:15 AM CDT https://t.co/9GgZ5rOKzb"
NWS Tornado Warnings,660402945511419904,2015-10-31 10:28:26,2015-10-31,10:28:26,30.37540801,-94.12553017,"Tornado Warning including Lumberton TX, Silsbee TX, Buna TX until 6:00 AM CDT https://t.co/6NsyXoCaZt"
NWS Tornado Warnings,660400413309468672,2015-10-31 10:18:22,2015-10-31,10:18:22,29.50993969,-95.28787458,"Tornado Warning including Pearland TX, Brookside Village TX until 5:45 AM CDT https://t.co/mU6E11iwOO"
NWS Tornado Warnings,660397904364900352,2015-10-31 10:08:24,2015-10-31,10:08:24,29.589492,-95.13900007,"Tornado Warning including Pasadena TX, La Porte TX, Deer Park TX until 5:30 AM CDT https://t.co/kfQns9GTaR"
NWS Tornado Warnings,660395922904346624,2015-10-31 10:00:32,2015-10-31,10:00:32,29.39128211,-95.27820449,"Tornado Warning including Alvin TX, Hillcrest TX, Liverpool TX until 5:15 AM CDT https://t.co/nDn6Mf3y85"
IEMBot HGX,660394674725765120,2015-10-31 09:55:34,2015-10-31,09:55:34,29.23,-95.35,"At 4:27 AM, Danbury [Brazoria Co, TX] LAW ENFORCEMENT reports TORNADO #HGX https://t.co/Ori1pcvoLs"
NWS Tornado Warnings,660392229819691008,2015-10-31 09:45:51,2015-10-31,09:45:51,29.34315751,-95.31842143,"Tornado Warning including Alvin TX, Danbury TX, Holiday Lakes TX until 5:15 AM CDT https://t.co/NSUr8OIztM"
Tallahassee Trends,660391670874161152,2015-10-31 09:43:38,2015-10-31,09:43:38,30.4398,-84.2806,Did you know that 'Tornado Watch' was Trending Topic on Friday 30 for 1 hours in Tallahassee? https://t.co/wMg64ycSGG #trndnl
NWS Tornado Warnings,660384422017929216,2015-10-31 09:14:50,2015-10-31,09:14:50,29.23239915,-95.37116556,"Tornado Warning including Angleton TX, Richwood TX, Danbury TX until 4:45 AM CDT https://t.co/hB9vQ8VVBp"
Aldi Fandi Yusuf,660381621074268160,2015-10-31 09:03:42,2015-10-31,09:03:42,-6.12259969,106.83332716,Rencana sih mau foto diatas tornado. Apalah daya gak boleh dan gak berani juga. Jadi fotonya di https://t.co/cPcemqvcD1
NWS Tornado Warnings,660372519384289280,2015-10-31 08:27:32,2015-10-31,08:27:32,29.04105942,-95.41297871,"Tornado Warning including Lake Jackson TX, Angleton TX, Freeport TX until 4:15 AM CDT https://t.co/xUcw78zDYP"
NWS Tornado Warnings,660367372163792896,2015-10-31 08:07:05,2015-10-31,08:07:05,28.92441197,-95.50181637,"Tornado Warning including Lake Jackson TX, Freeport TX, Brazoria TX until 3:30 AM CDT https://t.co/3Tz0JSpP1M"
GeralynK,660366656439386112,2015-10-31 08:04:14,2015-10-31,08:04:14,29.04504505,-95.42412481,"Great! RT @abc13weather Tornado Warning for Brazoria, Fort Bend, Galveston and Harris County until 3:45am. https://t.co/3cZgRPLWiP"
NWS Tornado Warnings,660366035715928065,2015-10-31 08:01:46,2015-10-31,08:01:46,29.59999975,-95.31444538,"Tornado Warning including Pasadena TX, Pearland TX, South Houston TX until 3:45 AM CDT https://t.co/L92TeAS7Zy"
abdlaziz,660365019318632448,2015-10-31 07:57:44,2015-10-31,07:57:44,-6.12253,106.83322,(at Dufan wanaha Tornado)  https://t.co/LSyovG3BWj
NWS San Antonio,660320863649005568,2015-10-31 05:02:16,2015-10-31,05:02:16,30.40331391,-98.72327258,Tornado Warning including Willow City TX until 12:15 AM CDT https://t.co/k9UedoO03e
NWS Tornado Warnings,660320855310757888,2015-10-31 05:02:14,2015-10-31,05:02:14,30.40331391,-98.72327258,Tornado Warning including Willow City TX until 12:15 AM CDT https://t.co/LmR1ewEswT
NWS San Antonio,660319051038650368,2015-10-31 04:55:04,2015-10-31,04:55:04,30.38862308,-98.73255918,Tornado Warning including Willow City TX until 12:15 AM CDT https://t.co/ybeI4L24GC
NWS Tornado Warnings,660319042922614784,2015-10-31 04:55:02,2015-10-31,04:55:02,30.38862308,-98.73255918,Tornado Warning including Willow City TX until 12:15 AM CDT https://t.co/IpHDVzajiV
Bimbi Setia,660318474850295808,2015-10-31 04:52:47,2015-10-31,04:52:47,-6.12264,106.83351,"With SitiHamidah, Andyka , and Amelia at Dufan wanaha Tornado  https://t.co/zhoqVWTFCB"
RF,660316714316357632,2015-10-31 04:45:47,2015-10-31,04:45:47,-6.12212,106.8351,Antriiiii dulu sebelum teriakkkkkk :D (with Dwi and ayu at Tornado )  https://t.co/92G1sV6pR4